p_short,p_medium,date,summary,current_price,close_price,close_perc,price_dif,advice,p_open,volume,forecast_price
-1,-2,2025-09-12T07:59:18.170865+00:00,"The analysis of recent news articles suggests a bearish outlook for WTI crude oil prices in both the short and medium term. Several factors contribute to this prediction. Primarily, concerns about oversupply are consistently highlighted, with the IEA projecting a faster rise in world oil supply than previously expected, driven by increased output from OPEC+ and other nations. Additionally, weaker-than-expected U.S. demand, reflected in rising crude inventories and concerns about the strength of the U.S. economy, further contributes to the downward pressure on prices. While geopolitical tensions in the Middle East and Ukraine provide some support, their impact appears to be diminishing in the face of strong supply fundamentals. China's stockpiling efforts offer some price support, but not enough to offset the bearish sentiment. The technical analysis also suggests bearish momentum.",61.95,61.86,-0.55,61.95,SELL,0,0,
0,-1,2025-09-12T11:32:13.463064+00:00,"The oil market is currently facing mixed signals. Oversupply concerns, driven by rising production from OPEC+ and other nations as highlighted by the IEA, are weighing on prices. Weakening US demand, indicated by rising crude inventories and jobless claims, further contributes to this downward pressure. However, geopolitical risks stemming from conflicts in the Middle East and Ukraine, along with potential sanctions on Russian oil, provide some support. The split between OPEC's optimistic demand outlook and IEA's oversupply forecast creates uncertainty. Recent price action indicates a bearish tilt, with prices falling despite geopolitical tensions. China's stockpiling efforts offer some support, but overall, the market appears to be heading towards a period of lower prices due to increasing supply outpacing demand. Recent trading data shows a short term gain which can be attributed as the market correcting from the steep losses, but the mid term trend seems bearish.",63.12,62.99,1.27,1.1699999999999946,FLAT,0,0,
0,-1,2025-09-12T12:37:53.693539+00:00,"The short-term forecast is neutral, influenced by offsetting factors. Oversupply concerns and weaker U.S. demand exert downward pressure, while geopolitical risks offer some support. The medium-term forecast is slightly bearish, as the IEA anticipates a rapid rise in global oil supply, potentially leading to an oversupplied market despite OPEC's unchanged demand forecasts. Recent news of rising US crude stocks and increased output from OPEC+ members support this bearish outlook. The market is toggling between these pressures, but the risk of a tumble in oil prices may increase.",63.57,63.54,2.15,0.45000000000000284,FLAT,0,"73,21K",
1,0,2025-09-12T13:19:05.177577+00:00,"WTI crude oil prices experienced a bounce today, driven by renewed concerns over Russian oil supply disruptions following Ukrainian drone attacks on key Russian export terminals. These geopolitical factors are supporting prices in the short term. However, conflicting signals regarding global supply and demand, with the IEA forecasting a rapid rise in supply and a potential surplus in 2026, alongside OPEC's relatively higher demand growth outlook, create uncertainty in the medium term. Increased US crude inventories and potential sanctions on Russian oil buyers are also key factors to monitor. Therefore, the forecast is moderately positive in the short term and neutral in the medium term.",63.42,63.41,1.95,-0.14999999999999858,BUY,0,"130,11K",
1,0,2025-09-12T13:40:06.716586+00:00,"WTI crude oil prices experienced a surge today due to escalating geopolitical tensions. Reports of Ukrainian drone attacks on Russian oil export hubs and potential tariffs on China and India, major Russian oil buyers, have disrupted supply expectations, supporting prices in the short term. However, conflicting reports from IEA and OPEC, with the IEA forecasting a rapid rise in global oil supply and OPEC maintaining a higher demand forecast, create uncertainty in the medium term, suggesting a neutral outlook. Concerns over oversupply and potentially weakening US demand also exert downward pressure, tempering the bullish sentiment.",63.26,63.41,1.95,-0.1600000000000037,FLAT,0,"130,11K",
1,1,2025-09-12T14:18:05.072935+00:00,"WTI crude oil prices are expected to increase in the short and medium term. This is mainly due to geopolitical tensions, particularly Ukrainian drone attacks on Russian oil infrastructure and the potential for further sanctions on Russia. These factors outweigh concerns about oversupply and weaker U.S. demand. Additionally, positive technical signals, such as prices holding above key support levels, contribute to the upward forecast. However, conflicting reports from OPEC and IEA, and concerns about a potential global supply glut limit the forecast to a moderate increase.",63.34,63.41,1.95,0.0800000000000054,FLAT,0,"130,11K",
1,1,2025-09-12T15:33:23.840420+00:00,"WTI crude oil prices experienced a rebound on September 12th, driven by concerns over potential supply disruptions stemming from geopolitical tensions, particularly those involving Russia and Ukraine, and the Middle East. The market remains sensitive to such risks, with Ukrainian drone strikes on Russian oil infrastructure and potential new sanctions on Russian oil buyers providing upward price pressure. The historical data shows a fluctuating trend with an overall average around 63 dollars per barrel. However, oversupply worries, as highlighted by the IEA's report, and weak economic data from the US (concerning jobless claims and sticky inflation) could limit gains. The forecasts from OPEC and the IEA differ significantly, adding to market uncertainty, but the most recent trend is mildly positive. China's continued stockpiling provides underlying support. Given these counteracting forces, a cautiously optimistic outlook is warranted for both the short and medium term.",63.44,63.42,1.96,0.09999999999999432,FLAT,0,"182,60K",
1,1,2025-09-12T16:13:48.540955+00:00,"WTI crude oil prices are expected to increase in the short and medium term. Geopolitical tensions, particularly those related to Russia and Ukraine, including sanctions and drone attacks on Russian ports, are a key driver of upward pressure. Additionally, the U.S. Treasury's call for tariffs on China and India for purchasing Russian oil, if implemented, could further tighten global supplies. Support for oil prices is also coming from OPEC+'s managed output increases and the potential for U.S. Federal Reserve interest rate cuts. Offsetting these bullish factors are concerns about oversupply and weaker U.S. demand, as indicated by rising U.S. crude inventories and reports from the IEA forecasting a rapid rise in global oil supply. Market technicals also point to a bottom forming around the $62 level.",63.25,63.42,1.96,-0.18999999999999773,FLAT,0,"182,60K",
1,1,2025-09-13T15:52:18.056631+00:00,"In the short term, WTI crude oil prices are expected to increase. This forecast is based on the latest news indicating a Ukrainian drone attack on a Russian port that suspended loadings. The US is urging G7 sanctions on Russian oil, and concerns persist about smaller Russian crude exports. The previous trading day saw a 0.51% increase, providing immediate upward momentum. For the medium term, a positive trend is also anticipated. The factors supporting this trend are continued geopolitical tensions related to Russia and Ukraine, the potential for supply disruptions due to attacks on Russian infrastructure, and the US push for tariffs on countries purchasing Russian oil. Despite concerns about oversupply and weaker US demand, the balance of factors suggests a moderate increase in WTI prices over the coming week.",62.6,,,-0.6499999999999986,FLAT,0,,
1,1,2025-09-15T06:53:34.172308+00:00,"WTI crude oil prices are expected to rise in the short and medium term. The key factors driving this prediction are: 1) Ukrainian drone attacks on Russian energy infrastructure, leading to potential supply disruptions. These attacks targeted major oil export terminals and refineries, causing immediate price increases. 2) Anticipation of an interest rate cut by the Federal Reserve, which is expected to weaken the dollar and boost economic activity, supporting oil demand. 3) President Trump's pressure on Europe to reduce Russian oil imports, which could further tighten global supplies. However, potential headwinds include concerns over slowing U.S. demand, expectations of a global surplus as OPEC+ boosts production, and a trend of slowing growth in U.S. oil production among smaller producers.",63.13,62.98,0.48,0.5300000000000011,FLAT,0,"9,81K",
1,1,2025-09-15T07:40:45.743832+00:00,"WTI crude oil prices are expected to rise in the short and medium term. The primary driver for this is the ongoing Ukrainian drone attacks on Russian energy infrastructure, which have the potential to disrupt Russian oil supply and place upward pressure on prices. The Fed decision to cut interest rates is also expected to support prices. Offsetting factors include concerns about slowing U.S. demand and expectations of a global surplus. The historical data indicates a mixed trend, with recent gains supported by supply concerns.",62.97,62.98,0.48,-0.1600000000000037,FLAT,0,"9,81K",
1,1,2025-09-15T08:02:50.997088+00:00,"WTI crude oil prices are expected to rise slightly in the short and medium term. Ukrainian drone attacks on Russian energy infrastructure continue to disrupt supply, adding upward pressure on prices. The Federal Reserve is expected to cut interest rates, which should boost economic activity and support oil demand. However, rising U.S. oil production and concerns over global oversupply will likely limit gains.",62.99,62.71,0.05,0.020000000000003126,FLAT,0,"13,75K",
1,1,2025-09-15T08:28:03.549983+00:00,"WTI crude oil prices are expected to experience a slight upward trend in both the short and medium term. This forecast is based on recent news indicating rising geopolitical risks due to Ukrainian drone attacks on Russian energy infrastructure, which are disrupting Russian crude and fuel exports and potential supply disruptions. The anticipation of a Federal Reserve interest rate cut is also contributing to this upward pressure. However, concerns about a potential global oversupply and slowing U.S. demand are tempering these gains.",63.0,62.74,0.1,0.00999999999999801,FLAT,0,"15,17K",
1,1,2025-09-15T09:53:37.887963+00:00,"WTI crude oil prices are expected to rise in the short and medium term. The primary driver is the increased geopolitical risk due to Ukrainian drone attacks on Russian energy infrastructure, which could disrupt Russian oil supply. Additional factors supporting the upward trend include potential new sanctions on Russia and a possible interest rate cut by the Federal Reserve, which could weaken the dollar and stimulate economic activity. However, concerns about oversupply from OPEC+ and weaker-than-expected economic data in the U.S. could limit gains.",63.01,62.9,0.35,0.00999999999999801,FLAT,0,"22,87K",
1,1,2025-09-15T10:38:34.141768+00:00,"WTI crude oil prices are expected to rise in the short and medium term. Geopolitical tensions due to Ukrainian drone attacks on Russian energy infrastructure, coupled with potential new sanctions and a possible Fed rate cut, are likely to exert upward pressure on prices. Ongoing US-China trade talks could also contribute to price volatility, depending on their outcome. Historical data indicates a recent upward trend.",62.91,62.93,0.4,-0.10000000000000142,FLAT,0,"26,98K",
1,1,2025-09-15T11:56:21.702092+00:00,"WTI crude oil prices are expected to increase slightly in the short and medium term. The recent attacks on Russian energy infrastructure are disrupting supply, while the potential for further sanctions from the U.S. and possible tariffs on China and India could further limit global supplies. Also, the expectations of a FED rate cut tends to boost economic activity and could help support oil demand in the coming months.",63.0,62.98,0.48,0.09000000000000341,FLAT,0,"33,91K",
1,1,2025-09-15T13:48:04.248152+00:00,"WTI crude oil prices are expected to increase in the short and medium term. This is mainly driven by the recent attacks on Russian energy facilities, which have disrupted crude and fuel exports. Other factors include the potential for new sanctions on Russia and the possibility of a Fed rate cut, which could boost fuel demand. However, there are also some concerns about oversupply and weaker economic data from China, which could weigh on prices.",63.18,63.19,0.81,0.17999999999999972,FLAT,0,"45,89K",
1,1,2025-09-15T15:15:31.361067+00:00,"WTI crude oil prices are expected to rise in the short and medium term due to geopolitical tensions, particularly Ukrainian drone attacks on Russian energy infrastructure, which raise concerns about supply disruptions. President Trump's willingness to impose sanctions on Russia, if NATO nations cease purchasing Russian oil, adds further upward pressure. Concerns about oversupply, as OPEC+ plans to increase output, and potential interest rate cuts by the Federal Reserve, which could boost fuel demand, create uncertainty but the rising geopolitical tensions seem to be dominant in the short term.",63.28,63.61,1.48,0.10000000000000142,FLAT,0,"86,84K",
1,1,2025-09-16T07:31:03.195929+00:00,"In the short term, WTI prices are likely to experience a slight upward trend. This is primarily driven by the ongoing geopolitical tensions related to Ukrainian attacks on Russian energy infrastructure, which raise concerns about potential supply disruptions. The anticipation of a Federal Reserve rate cut also contributes to the upward pressure, as lower rates could stimulate economic activity and increase oil demand. However, factors like rising OPEC+ production and potentially weaker economic data from the U.S. could limit gains. Overall, the news flow suggests a slightly positive outlook for WTI prices in the short term.

In the medium term, a moderate upward trend is also expected. The key drivers are the continuing geopolitical risks and the potential for further sanctions on Russia, which could constrain global oil supplies. The market also anticipates a Federal Reserve rate cut, which generally boosts fuel demand. However, the potential for a ""big surplus"" in the oil market later in the year, driven by rising OPEC+ production, and concerns about global economic growth could limit any significant price increases. Overall, the balance of factors points to a slightly positive medium-term outlook, but with some uncertainty due to supply and demand dynamics.",63.12,63.35,0.03,-0.1600000000000037,FLAT,0,"7,45K",
1,1,2025-09-16T10:01:12.452146+00:00,"WTI crude oil prices are expected to experience a slight upward trend in both the short and medium term. This is primarily driven by concerns over potential supply disruptions due to Ukrainian attacks on Russian energy infrastructure, and the anticipation of a U.S. Federal Reserve interest rate cut. Despite concerns about oversupply from OPEC+ and weaker economic data, the geopolitical tensions and the potential for increased fuel demand due to lower interest rates provide a supportive backdrop for prices.",63.14,62.99,-0.54,0.020000000000003126,FLAT,0,"21,93K",
1,1,2025-09-16T13:12:27.801319+00:00,"WTI crude oil prices are expected to rise in the short and medium term. The analysis indicates a bullish trend driven by concerns over potential supply disruptions due to Ukrainian attacks on Russian oil infrastructure. This is coupled with expectations of a US Federal Reserve interest rate cut, which typically boosts fuel demand and the accelerated decline in global oil and gas fields requiring more investment. While there are counter-pressures, such as potential oversupply from OPEC+ and weaker economic data, the prevailing sentiment is bullish.",64.11,63.98,1.03,0.9699999999999989,FLAT,0,"63,75K",
1,1,2025-09-16T14:11:09.305989+00:00,"WTI crude oil prices are expected to rise in the short and medium term. Several factors contribute to this outlook. First, Ukrainian drone attacks on Russian oil refineries continue to disrupt supply, creating upward pressure on prices. Second, there's anticipation of a potential interest rate cut by the U.S. Federal Reserve, which could boost economic activity and increase oil demand. However, the rising output from OPEC+ and concerns about a potential global oil surplus could limit price gains.",64.12,63.97,1.01,0.010000000000005116,FLAT,0,"95,29K",
1,1,2025-09-16T15:30:43.970340+00:00,"WTI crude oil prices are expected to trend slightly higher in the short and medium term. This forecast is primarily driven by the intensifying Ukrainian attacks on Russian energy infrastructure, which are causing concerns about supply disruptions. The anticipation of a Federal Reserve interest rate cut is also expected to provide some support to prices. However, these upward pressures are being partially offset by concerns about a potential oversupply in the global oil market, as OPEC+ plans to increase production.",64.38,64.41,1.71,0.2599999999999909,FLAT,"63,32","127,72K",
1,1,2025-09-16T16:08:02.737638+00:00,"WTI crude oil prices are expected to rise slightly in the short and medium term. Recent Ukrainian drone attacks on Russian oil infrastructure are causing concerns about potential supply disruptions, pushing prices upward. The market also expects a rate cut from the Federal Reserve, which could boost economic activity and fuel demand. However, increasing output from OPEC+ and a potential global oil surplus could limit gains. The Fed meeting will provide further clarity on monetary policy and its potential impact on oil demand.",64.51,64.41,1.71,0.13000000000000966,FLAT,"63,32","127,72K",
1,1,2025-09-17T06:46:29.353107+00:00,"WTI crude oil prices are expected to experience a slightly positive trend in both the short and medium term. This forecast is based on several factors, including geopolitical tensions stemming from Ukrainian attacks on Russian oil infrastructure, which continue to pose supply disruption risks. Additionally, expectations of a potential interest rate cut by the U.S. Federal Reserve are factored in, which could stimulate the economy and boost fuel demand. Concerns about global oversupply and weaker economic data from China are potential headwinds, but the positive factors seem to outweigh the negatives at this time. Market participants await the EIA report on Wednesday for confirmation of inventory declines. ",64.44,64.44,-0.31,-0.07000000000000739,FLAT,"64,63","9,34K",
0,1,2025-09-17T07:27:11.142329+00:00,"Crude oil prices face mixed signals. Geopolitical tensions, particularly Ukrainian drone attacks on Russian energy infrastructure, provide upward pressure. Additionally, the widely anticipated Fed rate cut could boost demand. However, increasing OPEC+ production and concerns about global economic growth, particularly in China, pose downside risks. Recent price action shows some consolidation, and the market is awaiting further clarity from the Fed's meeting and inventory data. Historical data shows a decrease today after a rally.",64.39,64.44,-0.31,-0.04999999999999716,SELL,"64,63","9,34K",
-1,1,2025-09-17T09:25:39.735819+00:00,"WTI crude oil prices are expected to decrease slightly in the short term, as reflected by the day's closing price and downward trend, while positive geopolitical forces, attacks on Russian oil infrastructure and a possible FED rate cut, might lead to an increase in the next week.",64.24,64.24,-0.62,-0.15000000000000568,SELL,"64,63","21,39K",
-1,0,2025-09-17T10:50:53.903713+00:00,"WTI crude oil prices are facing downward pressure in the short term due to the recent Fed rate decision and a weaker-than-expected US economic outlook. Geopolitical risks related to Ukrainian attacks on Russian oil infrastructure are providing some support, but increasing OPEC+ output raises concerns about a global supply overhang. The market is closely watching US inventory data, which is expected to show a draw in crude stockpiles but builds in gasoline and distillate supplies. The outlook for the medium term remains neutral due to these conflicting factors.",63.87,63.99,-1.01,-0.36999999999999744,FLAT,"64,63","24,76K",
-1,0,2025-09-17T11:54:43.786398+00:00,"WTI crude oil prices are facing mixed signals. The ongoing Ukrainian drone attacks on Russian refineries introduce supply concerns, providing upward pressure. However, a potential Fed rate cut, while generally supportive, is overshadowed by concerns about the overall health of the U.S. economy and the possibility of a large surplus ahead due to increasing OPEC+ output. Recent price action shows a decline after a period of gains. The sanctions on Iranian oil sales via cryptocurrency networks also adds uncertainty, though its impact is likely limited. Based on the immediate price action and the balance of bullish and bearish factors, a slight downward pressure is expected in the short term, with a neutral outlook for the medium term.",64.09,64.12,-0.8,0.22000000000000597,FLAT,"64,63","33,35K",
-1,0,2025-09-17T12:25:20.486294+00:00,"WTI crude oil prices are facing mixed signals. Short-term: A slight drop in price today, a Fed rate decision that may or may not boost demand, and continuing Ukrainian attacks on Russian oil infrastructure create uncertainty, resulting in a downward pressure for the short term. Medium-term: Potential supply disruptions from Russian attacks and OPEC+ production decisions are counteracted by weaker global economic data and potential increases in OPEC+ output. The range-bound trading pattern of the last month indicates a period of consolidation. Therefore the medium term outlook is neutral.",64.32,64.12,-0.8,0.22999999999998977,FLAT,"64,63","33,35K",
0,1,2025-09-17T13:03:21.784013+00:00,"WTI crude oil prices are influenced by several factors that create a mixed outlook. Geopolitical tensions, particularly Ukrainian drone attacks on Russian energy infrastructure, provide upward pressure due to supply disruption risks. Counterbalancing this, global economic uncertainty and increased OPEC+ production could weigh on prices. The anticipated Fed rate cut introduces an element of support by potentially boosting economic activity and demand. However, concerns about sticky inflation and the Fed's future rate outlook add uncertainty. Sanctions against Iran continue and Vitol and Glencore may bid for Chevron's stake. Overall, the market is finely balanced, leading to a neutral short-term outlook but leaning towards a slightly positive medium-term trend.",64.22,64.24,-0.62,-0.09999999999999432,BUY,"64,63","41,30K",
0,1,2025-09-17T13:07:13.261462+00:00,"WTI crude oil prices are influenced by several conflicting factors. Downward pressure is created by the expected Fed rate cut, and the sanctions and associated risk on Iranian and Russian oil. The attacks on Russian oil infrastructure, particularly refineries, support prices due to concerns about supply disruptions. The technical analysis suggests consolidation with potential for a breakout to the upside. The historical data also shows considerable fluctuations.",64.24,64.24,-0.62,0.01999999999999602,FLAT,"64,63","41,30K",
0,1,2025-09-17T13:10:22.559958+00:00,"WTI crude oil prices are influenced by several factors. Geopolitical risks, particularly Ukrainian drone attacks on Russian energy infrastructure, create upward pressure due to potential supply disruptions. The expected Federal Reserve rate cut is anticipated to boost economic activity and, consequently, fuel demand. However, increasing OPEC+ output and concerns about a global supply overhang temper bullish conviction. Sanctions on Iranian oil sales and discussions about OPEC+ production capacity add further complexity. Yesterday's close confirms the neutral trend in the short term.",64.22,64.26,-0.59,-0.01999999999999602,FLAT,"64,63","44,12K",
0,1,2025-09-17T14:02:48.857665+00:00,"The short-term forecast is neutral due to mixed signals. While ongoing geopolitical tensions and Ukrainian attacks on Russian refineries provide upward pressure, the market is awaiting the Fed's decision on interest rates, resulting in a wait-and-see approach. The medium-term forecast is slightly positive due to supply concerns stemming from the Russia-Ukraine conflict and potential for increased demand if the Fed cuts interest rates. Also, crude oil stocks have been declining, which may lend support to higher prices.",64.36,64.42,-0.34,0.14000000000000057,FLAT,"64,63","54,76K",
0,1,2025-09-17T14:32:06.189995+00:00,"WTI crude oil prices face mixed signals. On one hand, geopolitical tensions due to Ukrainian attacks on Russian energy infrastructure are supporting prices. Additionally, expectations of a Fed rate cut could boost demand. However, concerns about a global supply glut and potential for further OPEC+ output increases may limit gains. The market is closely watching the Fed's decision and the EIA inventory data for further direction. Yesterday decrease the price. Therefore, prices are expected to remain range-bound in the short term and experience a slight upward trend in the medium term.",64.52,64.42,-0.34,0.1599999999999966,FLAT,"64,63","54,76K",
0,1,2025-09-17T15:01:39.954101+00:00,"WTI crude oil prices are likely to remain range-bound in the short term due to conflicting factors. Support is being provided by decreasing inventories and ongoing geopolitical tensions related to Ukrainian drone attacks on Russian energy infrastructure, which are raising supply concerns. However, this is balanced by concerns about global economic growth, expected interest rate cuts by the Federal Reserve and the Bank of Canada (which could also reflect economic weakness), and potential increases in OPEC+ output. The larger-than-expected draw in crude inventories should provide a base. In the medium term, a slight upward pressure is expected, as the market seems to tilt bullish due to the Ukrainian attacks on russian refineries, and expectation of rate cuts and the IEA data. Also the last closing prices confirms such trend.",64.35,64.42,-0.34,-0.1700000000000017,FLAT,"64,63","54,76K",
0,1,2025-09-17T16:01:54.109566+00:00,"WTI crude oil prices are expected to remain neutral in the short term and experience a slight upward trend in the medium term. The Fed decision, EIA inventory data, and geopolitical tensions related to Ukraine and Russia are the primary factors influencing this forecast. The market is currently range-bound, but potential supply disruptions from Ukrainian attacks and the possibility of a Fed rate cut could provide some upward pressure. Historical data shows a choppy trend, but recent gains suggest potential bullish momentum.",64.34,64.36,-0.43,-0.009999999999990905,FLAT,"64,63","75,92K",
0,0,2025-09-17T16:32:24.657618+00:00,"WTI crude oil prices are expected to show no clear trend in the short and medium term. The market is influenced by several conflicting factors: Ukrainian attacks on Russian refineries raise concerns about supply disruptions and provide upward pressure on prices. However, an expected interest rate cut by the Federal Reserve could stimulate demand, while concerns about a global oil glut, and increasing output from OPEC+, could limit gains. Recent US inventory data showing a large crude oil draw is a bullish signal, but rising distillate stockpiles suggest demand concerns. The Fed's rate decision and outlook will be key to the medium-term trend.",64.43,64.36,-0.43,0.09000000000000341,FLAT,"64,63","95,10K",
0,0,2025-09-17T17:01:47.756663+00:00,"WTI crude oil prices are influenced by several conflicting factors. Downward pressure is exerted by the expected Fed rate cut, concerns about US demand due to rising distillate stockpiles, and potential oversupply from OPEC+ increases. Counteracting this are supply concerns stemming from Ukrainian attacks on Russian energy infrastructure, which may lead to production cuts and reduced exports, as well as larger than expected drawdowns in US crude oil inventories. Geopolitical tensions also provide a floor for prices. The market is currently rangebound, with investors awaiting further clarity from the Fed meeting and EIA inventory data. Recent price data confirms this trend with a decrease in the price on 2025-09-17.",64.24,64.22,-0.65,-0.19000000000001194,FLAT,"64,63","100,26K",
0,1,2025-09-17T21:28:10.731909+00:00,"WTI crude oil prices are influenced by several conflicting factors. On the bullish side, geopolitical tensions due to Ukrainian attacks on Russian energy infrastructure continue to pose supply risks. Also, the U.S. Energy Information Administration (EIA) reported a large decline in U.S. crude oil inventories, which supports prices. Expectations of a potential Fed rate cut, while seemingly priced in already, could stimulate economic activity and fuel demand. On the bearish side, there are concerns about weaker U.S. diesel demand, as shown by increased distillate stockpiles. The fact that the rate cut seems fully priced in means this factor will not influence oil prices. A strong dollar is also an issue that has weighed on prices. Mixed economic data and concerns about a global supply glut due to increased OPEC+ production are also concerns that are keeping prices under pressure. Overall, the medium trend will be slightly upwards, due to supply disruption by Ukrainian attacks on Russia's energy infrastructure",63.97,64.05,-0.91,-0.269999999999996,FLAT,"64,63","143,92K",
-1,0,2025-09-17T21:33:35.154643+00:00,"WTI crude oil prices are expected to decrease in the short term due to the recent EIA report showing an increase in distillate inventories, indicating weaker demand, and profit taking after FED's rate cut, as well as decrease in housing starts. However, the medium-term outlook is neutral. Support is provided by Ukrainian attacks on Russian energy infrastructure which have been affecting refining capacity, as well as overall decline rate of oil fields, while some support is also from FED rate cut, along with the geopolitical scenario and draw in the U.S. crude inventories. The impact of a potential recession due to higher rates will be somewhat offset by cuts in output by OPEC+.",63.97,63.98,-1.02,0.0,SELL,"64,63","145,39K",
-1,0,2025-09-18T06:04:28.121213+00:00,"WTI crude oil prices are expected to decrease in the short term based on the current closing price and recent trends. In the medium term, the outlook is neutral due to counteracting forces: geopolitical tensions from Ukrainian attacks on Russian infrastructure are pushing prices up, while increased OPEC+ production and a potential global supply glut are pushing prices down. The Fed's rate cut also has an unclear impact, with lower rates increasing demand but indicating economic concerns.",63.68,63.79,-0.5,-0.28999999999999915,FLAT,"64,08","2,99K",
-1,0,2025-09-18T06:32:20.228147+00:00,"The oil market is currently in a state of uncertainty, with mixed signals from various sources. The Federal Reserve's decision to cut interest rates has been factored into the short-term trend. However, there are continuing issues such as Russian supply disruptions and the potential for a global surplus, offsetting some of the upward pressure. WTI crude oil prices are expected to be slightly bearish in the short term because economic growth forecasts seem to be uncertain. Medium-term, a neutral position is maintained.",63.8,63.7,-0.64,0.11999999999999744,FLAT,"64,08","3,41K",
-1,0,2025-09-18T07:01:52.392145+00:00,"WTI crude oil prices are expected to decrease in the short term due to the Federal Reserve's cautious stance on future rate cuts, which has raised concerns about the US economy. Also, an increase in distillate stockpiles coupled with falling demand. However, in the medium term, prices are expected to stabilize, as the market weighs ongoing geopolitical tensions and supply risks arising from the Russia-Ukraine conflict with the potential for increased demand spurred by future rate cuts.",63.77,63.77,-0.53,-0.02999999999999403,FLAT,"64,08","3,97K",
-1,0,2025-09-18T07:31:33.489980+00:00,"WTI crude oil prices are expected to experience a slight downward pressure in the short term due to concerns regarding the strength of the U.S. economy and an unexpected build in distillate inventories. The Federal Reserve's decision to cut interest rates, while potentially supportive, has been overshadowed by a cautious outlook from policymakers. Ongoing geopolitical tensions related to Ukrainian attacks on Russian energy infrastructure and potential for new sanctions continue to provide some support, limiting significant price declines. In the medium term, the trend is predicted to be neutral, as the combination of geopolitical risks, and monetary policy offsets concerns related to oversupply.",63.69,63.8,-0.48,-0.0800000000000054,FLAT,"64,08","4,18K",
-1,0,2025-09-18T08:02:14.623785+00:00,"WTI crude oil prices are expected to experience downward pressure in the short term due to a combination of factors, including the Fed's less dovish stance after the rate cut, which raised concerns about the US economy. The mixed US inventory data, particularly the rise in distillate stockpiles, also signals cooling demand. Geopolitical tensions from Ukraine attacks on Russian refineries are providing some support, but concerns about oversupply from OPEC+ limit upside potential. The rate cuts from Bank of Canada and Gulf central banks may ease pressure on government, firms, and households but the impact on oil prices is limited by energy market volatility. The medium-term forecast is neutral due to offsetting factors, such as production concentration in Middle East and Russia versus slowing demand growth, leaving price direction uncertain.",63.61,63.66,-0.7,-0.0799999999999983,FLAT,"64,08","4,88K",
-1,0,2025-09-18T08:31:23.208431+00:00,"In the short term, WTI crude oil prices are expected to decrease. The latest EIA report reveals a significant draw in crude oil inventories, but the market's primary focus is on the increase in distillate stockpiles, which signals weakening demand. Furthermore, the Federal Reserve's decision to cut interest rates has been largely priced in. In the medium term, the WTI crude oil price is expected to move sideways. The recent events of Ukrainian drone attacks on Russian oil infrastructure coupled with expectations of a weaker dollar, may exert upward pressure on prices; at the same time, it has to be considered how a high production from OPEC+ countries is projected, the budget of Russia is in stress, and US relations with Colombia are souring.",63.99,63.86,-0.39,0.38000000000000256,FLAT,"64,08","5,15K",
-1,0,2025-09-18T09:01:35.689180+00:00,"In the short term, WTI crude oil prices are expected to decline slightly, driven by the recent Fed rate cut, which has been priced into the market and is viewed as a risk management measure rather than a demand stimulus. The increase in distillate stockpiles also raises concerns about demand. In the medium term, WTI crude oil prices are expected to remain neutral, influenced by counteracting factors, including geopolitical tensions, potential supply disruptions from Russian attacks on energy infrastructure, and a large draw in U.S. crude inventories, offset by increasing OPEC+ production and concerns about the global economy. Technical analysis suggests consolidation.",64.2,63.86,-0.39,0.21000000000000085,FLAT,"64,08","5,15K",
-1,0,2025-09-18T09:31:33.640841+00:00,"WTI crude oil prices are expected to decline in the short term due to concerns about the US economy and potential oversupply as highlighted by the builds in distillate inventories. The rate cut by the Federal Reserve indicates concerns about economic growth which also weighs on prices. The potential for further supply disruptions from Ukrainian attacks on Russian facilities provides some support, limiting the downside. In the medium term, prices are expected to remain range-bound, balancing geopolitical tensions, including those stemming from the Russia-Ukraine war and the Middle East, against increased OPEC+ output and the potential economic impact of higher U.S. trade tariffs.",63.83,63.77,-0.53,-0.37000000000000455,FLAT,"64,08","8,24K",
-1,0,2025-09-18T10:02:01.221439+00:00,"WTI crude oil prices are likely to experience downward pressure in the short term due to concerns about a slowing U.S. economy and persistent oversupply, as indicated by increasing distillate stockpiles, while historical data show a slightly negative trend as well. The Federal Reserve's rate cut and signals of further cuts have been largely priced in, and the focus has shifted to concerns about the U.S. economy which may limit the gains from any stimulus efforts. The medium term outlook is neutral with counteracting pressures that include the potential for supply disruptions due to Ukrainian attacks on Russian energy infrastructure but also concerns about global economic growth. Also the announcement of EU on speeding up phase-out of Russian fossil imports may impact crude oil prices.",63.54,63.77,-0.53,-0.28999999999999915,FLAT,"64,08","8,24K",
-1,0,2025-09-18T10:31:45.831605+00:00,"WTI crude oil prices are expected to experience downward pressure in the short term due to weak U.S. fuel demand, rising distillate stockpiles, and concerns about a slowing U.S. economy despite the Federal Reserve's rate cut. In the medium term, prices are expected to trade range bound as these bearish factors are counterbalanced by geopolitical risks and potential disruptions to Russian oil supplies.",63.77,64.02,-0.14,0.23000000000000398,FLAT,"64,08","9,71K",
-1,0,2025-09-18T11:31:27.898881+00:00,"Several factors are influencing the WTI crude oil price. On the bearish side, increased US distillate inventories, concerns about a slowing US economy, and potential oversupply are weighing on prices. The Fed's rate cut also signals concerns about economic growth. On the bullish side, geopolitical tensions due to Ukrainian attacks on Russian energy infrastructure, potential new sanctions on Russia, and a sharp drop in U.S. crude inventories are supporting prices. Overall, the market sentiment is mixed, with technical analysis suggesting some near-term bearish risks but also underlying support levels. Given these counteracting forces, I expect a slight short-term downward pressure but a neutral medium-term trend.",64.1,64.02,-0.14,0.3299999999999912,FLAT,"64,08","9,71K",
0,1,2025-09-18T12:01:49.419465+00:00,"WTI crude oil prices are expected to remain relatively stable in the short term, influenced by competing factors of interest rate cuts and concerns about the US economy. The Federal Reserve's decision to cut interest rates and the expectation of further cuts in the coming months typically boost oil demand by lowering borrowing costs. However, the Fed's caution regarding the cooling labor market and persistent inflation tempers this effect. Furthermore, concerns about a potential economic slowdown in the US, coupled with signs of oversupply and weak fuel demand, exert downward pressure on prices. In the medium term, upward pressure may be exerted due to increasing geopolitical tensions, especially due to Ukrainian drone attacks targeting Russian energy infrastructure, which threaten global supply.",64.41,64.42,0.48,0.3100000000000023,BUY,"64,08","11,11K",
1,1,2025-09-18T12:32:09.017782+00:00,"WTI crude oil prices are expected to rise in the short and medium term. The Federal Reserve's rate cut and anticipation of further cuts are likely to stimulate demand, and the ongoing geopolitical tensions in Ukraine have raised concerns about potential supply disruptions in Russia, further supporting prices. While the rising of distillate inventories in the U.S. raises worries about demand, large drop in U.S. crude oil inventories and the agreement of OPEC+ to increase its crude production moderately offset the rise in distillate inventories, which supports the bullish sentiment. The upward trend breakout of the historical data of crude oil price also indicate a trend that is more likely to go up.",64.4,64.42,0.48,-0.009999999999990905,BUY,"64,08","11,11K",
0,1,2025-09-18T13:32:06.154721+00:00,"WTI crude oil prices are facing mixed signals. The Federal Reserve's rate cut is expected to boost demand. However, concerns about oversupply and a slowing U.S. economy are putting downward pressure on prices. Ukrainian drone attacks on Russian energy infrastructure are causing uncertainty in the market, as is the potential for new sanctions from the U.S.. Also, there is insight that Wood Mackenzie’s analysis using new AI-powered tools shows existing fields could yield 470 billion to over 1,000 billion additional barrels through proven recovery methods. Overall, forecasts are slightly bullish for weekly period due to the large crude oil inventory draws, and a gradual easing cycle in response to labor market softness. Recent historical data is also taken into account, showing that the increase in price on September 16th could indicate a broader trend.",64.06,64.11,0.0,-0.3400000000000034,SELL,"64,08","18,32K",
-1,0,2025-09-18T14:02:09.548561+00:00,"WTI crude oil prices are expected to slightly decrease in the short term due to a mix of factors including recent production increases by OPEC+ members and news about weak U.S. fuel demand and inventory increases. The price is expected to fluctuate between 60$ and 65$ per barrel in the medium term, as demand side will be balanced by the Fed rate cut.",64.0,64.11,0.0,-0.060000000000002274,SELL,"64,08","18,32K",
0,1,2025-09-18T14:31:56.023342+00:00,"WTI crude oil prices closed slightly higher today, driven by the Fed's decision to cut interest rates and an unexpected drop in U.S. crude oil inventories. However, concerns remain regarding oversupply, weak U.S. fuel demand, and rising distillate stockpiles, which are keeping price increases in check. Ongoing geopolitical risks, particularly Ukrainian drone attacks on Russian energy infrastructure, could limit downside potential. Short term I predict the price to be sideways. Medium term, I forecast a slightly positive trend given the Fed rate cuts and geopolitical tensions.",64.42,64.3,0.3,0.4200000000000017,BUY,"64,08","28,56K",
1,1,2025-09-18T15:01:57.739861+00:00,"WTI crude oil prices are likely to experience a slight upward trend in both the short and medium term. This forecast is based on the recent Federal Reserve rate cut, which typically boosts demand for oil, and geopolitical tensions arising from Ukrainian drone attacks on Russian oil infrastructure, which pose risks to supply. These bullish factors are tempered by concerns about oversupply and soft fuel demand in the U.S., limiting the potential for a sharp price increase. Recent historical data indicates a recent increase in price, also inventory decrease in US crude stocks.",64.25,64.3,0.3,-0.1700000000000017,BUY,"64,08","28,56K",
0,1,2025-09-18T15:31:39.387166+00:00,"WTI crude oil prices are expected to trade sideways in the short term and experience a slight upward trend in the medium term. The Fed's interest rate cut and expected further cuts are balanced by concerns about the US economy and persistent oversupply, as well as the potential increase in output from OPEC+. Geopolitical tensions, particularly Ukrainian attacks on Russian energy infrastructure, provide some support.",63.57,64.3,0.3,-0.6799999999999997,SELL,"64,08","28,56K",
-1,0,2025-09-18T16:01:43.044689+00:00,"The Fed's decision to cut interest rates is a mixed signal, with some analysts viewing it as a sign of economic weakness and others as a potential demand booster. Oversupply and weak U.S. fuel demand continue to weigh on the market. EIA data shows a decrease in crude inventories but an increase in distillate stockpiles, creating uncertainty. Geopolitical tensions, particularly Ukrainian attacks on Russian energy infrastructure, provide some support. Recent historical data shows price fluctuations, but WTI closed lower on 2025-09-18. Rate cuts support oil demand and push prices higher, but uncertainty about future economic prospects, and sticky inflation make the rate cut appear more as “a risk management attempt than a demand stimulus.” ",63.64,63.58,-0.83,0.07000000000000028,SELL,"64,08","37,75K",
-1,0,2025-09-18T17:02:16.059320+00:00,"WTI crude oil prices are expected to experience a slight downward trend in the short term due to a combination of factors. The Federal Reserve's rate cut, while generally supportive of oil demand, is being overshadowed by concerns about the US economy's slowing growth and persistent oversupply. Increase in distillate stocks is raising worries about demand in the world’s top oil consumer and pressuring prices. Technical analysis suggests continued consolidation. The medium term forecast is neutral, influenced by ongoing geopolitical tensions with counterbalancing factors such as OPEC+ output decisions and potential further easing by central banks.",63.6,63.63,-0.75,-0.03999999999999915,FLAT,"64,08","43,15K",
-1,0,2025-09-18T17:31:33.744046+00:00,"WTI crude oil prices are expected to decrease in the short term due to concerns about the US economy, rising distillate stockpiles, and ongoing oversupply. The medium-term trend is neutral, with the potential for volatility due to geopolitical tensions (Ukraine-Russia conflict) and the upcoming OPEC+ supply adjustments. The recent rate cut by the Federal Reserve is seen as a potential boost to demand, but the market is also considering a potential slowdown in the labor market.",63.45,63.63,-0.75,-0.14999999999999858,FLAT,"64,08","43,15K",
-1,0,2025-09-18T18:01:33.951631+00:00,"WTI crude oil prices are expected to slightly decrease in the short term due to concerns about the US economy and a global oil glut, as well as a rise in distillate stockpiles. The medium-term outlook is neutral, with potential upside from geopolitical risks (Ukraine attacks on Russian facilities) and OPEC+ production cuts balanced by worries about slowing global demand and increased production from some countries.The historical data of 2025-09-18 shows a decline (-1.06%) of WTI with a value of 63.43.",63.4,63.43,-1.06,-0.05000000000000426,FLAT,"64,08","47,94K",
-1,0,2025-09-18T18:35:29.961421+00:00,"WTI crude oil prices are expected to experience a slight downward trend in the short term. This is primarily influenced by concerns about the U.S. economy and soft fuel demand despite a rate cut by the Federal Reserve. Mixed signals from U.S. inventory data, particularly a rise in distillate stockpiles, also contribute to this bearish sentiment. 

In the medium term, a neutral outlook is anticipated. Factors such as geopolitical tensions involving Russia and Ukraine, potential OPEC+ supply adjustments, and the overall global economic outlook are likely to create offsetting pressures, leading to price consolidation.",63.59,63.43,-1.06,0.19000000000000483,FLAT,"64,08","47,94K",
0,0,2025-09-19T01:04:36.643805+00:00,"WTI crude oil prices are expected to hold steady in both the short and medium term. Mixed signals are present with potential bullish factors including a Federal Reserve rate cut and limited sanctions on Russian oil, offset by bearish factors like a stronger dollar, ample oil supplies, and concerns about a global oil glut, especially with rising OPEC+ output. Further clarity on the strength of the US economy is needed.",63.58,63.58,0.08,-0.010000000000005116,BUY,"63,55","1,37K",
0,0,2025-09-19T01:33:25.053438+00:00,"WTI crude oil prices are expected to remain neutral in both the short and medium term. Mixed signals from the Fed rate cut (potential demand boost vs. concerns about slowing US economy) and conflicting data on US oil inventories (crude draw vs. distillate build) create uncertainty. Geopolitical tensions and OPEC+ production decisions further muddy the outlook. The decision from the Fed will be to cut rates and how they communicate the possibility of further cuts. We are currently seeing the price moving around a trading range. We are also seeing that price closed to the same price, comparing previous days. In short, there are no bullish or bearish indicators to provide further insights. All considered.",63.63,63.58,0.08,0.05000000000000426,FLAT,"63,55","1,37K",
0,0,2025-09-19T02:02:36.951742+00:00,"WTI crude oil prices are expected to remain neutral in the short and medium term. 

The latest news indicates a mixed sentiment in the oil market. On one hand, geopolitical tensions, such as Ukrainian attacks on Russian refineries, pose supply risks and provide some support to prices. The cut in interest rates by the Federal Reserve, while typically boosting demand, is overshadowed by concerns about the slowing U.S. economy and an anticipated oversupply in the market, as the global oil glut is undercutting crude prices, after the International Energy Agency (IEA) boosted its 2026 global crude surplus estimate. These concerns are further compounded by a stronger U.S. dollar, which makes crude oil more expensive for international buyers. Recent EIA data showed a large crude inventory draw, but the rise in distillate stockpiles raised demand worries, offsetting bullish signals from inventory draws and the broader macro backdrop of rate cuts. Therefore the market may remain range-bound in the near term.",63.62,63.62,0.14,-0.010000000000005116,FLAT,"63,55","1,60K",
-1,-1,2025-09-19T06:31:41.564558+00:00,"WTI crude oil prices are expected to slightly decrease in both the short and medium term. The primary drivers for this negative outlook are concerns surrounding weakening U.S. demand, as indicated by the EIA report and softened labor market, coupled with a strengthened dollar. The increase in U.S. distillate stockpiles and housing market slump also contribute to demand-side anxieties. Despite a sharp draw in U.S. crude inventories driven by exports, geopolitical tensions in Russia and the potential for increased OPEC+ production further weigh on prices.",63.32,63.35,-0.28,-0.29999999999999716,SELL,"63,55","2,38K",
0,0,2025-09-19T07:32:04.833185+00:00,"WTI crude oil prices are facing mixed signals. On the bullish side, the Federal Reserve cut interest rates, traditionally boosting demand, and there is a potential supply disruption due to Ukrainian attacks on Russian energy infrastructure, and the China Seeks Trade Edge, Shunning US Soy in First Since 1990s. On the bearish side, there are worries about a slowing U.S. economy, as shown by economic data, oversupply concerns due to OPEC+ planned production increases, and a rise in U.S. distillate stockpiles signaling cooling demand. Given these conflicting factors and considering all the latest news is from today, a neutral outlook is appropriate for both the short and medium term.",63.5,63.5,-0.05,0.17999999999999972,BUY,"63,55","2,71K",
-1,0,2025-09-19T08:31:40.923861+00:00,"WTI crude oil prices are influenced by mixed signals. Downward pressure stems from concerns about weakening US demand reflected in rising distillate stockpiles, softer economic data, and potential oversupply from OPEC+ and the resumption of Kazakh oil exports. The Fed's rate cut, while traditionally bullish, is interpreted with caution due to fears of economic slowdown. Geopolitical risks, particularly Ukrainian attacks on Russian refineries, provide some support, but are insufficient to offset demand concerns. China's reduced US soybean purchases signal trade tensions, adding to uncertainty. Overall, short-term outlook is slightly bearish, with medium-term expected to be neutral with limited upside due to balancing factors.",63.21,63.27,-0.41,-0.28999999999999915,SELL,"63,55","3,24K",
-1,-1,2025-09-19T09:32:02.821964+00:00,"WTI crude oil prices are expected to decline slightly in the short term due to concerns about weakening demand and rising inventories. The medium-term outlook is also bearish, driven by increased OPEC+ production and a potential global supply glut. Although geopolitical tensions and production disruptions offer some support, they are outweighed by demand-side weaknesses and oversupply risks. Recent EIA data showing a decline in crude inventories but a rise in distillate stocks reinforces these demand concerns. The Federal Reserve's interest rate cut has not provided sufficient support to offset these bearish factors, leading to a cautious short-term outlook.",62.91,62.96,-0.9,-0.30000000000000426,FLAT,"63,55","4,43K",
-1,0,2025-09-19T10:02:00.067368+00:00,"WTI crude oil prices are expected to decline in the short term due to concerns about fuel demand in the United States, as highlighted in recent news. The Federal Reserve's interest rate cut, typically a bullish factor, is overshadowed by weakening economic data and rising US distillate stockpiles. While geopolitical tensions, such as those in Ukraine and potential sanctions on Russia, provide some support, the overall outlook suggests a downward pressure on prices. Medium-term forecasts are more neutral as the impact of OPEC+ production decisions and the balance between supply and demand remain uncertain. Technical analysis also indicates a potential for further downside unless key support levels hold. However, a potential Trump-Xi call on trade may impact the trend.",63.01,62.96,-0.9,0.10000000000000142,FLAT,"63,55","4,43K",
-1,-1,2025-09-19T10:31:56.941561+00:00,"Several demand concerns were highlighted, including a rise in U.S. distillate stockpiles and worries about a slowing U.S. economy. The Federal Reserve's rate cut, while generally supportive, wasn't enough to offset demand concerns. Planned production increases from OPEC+ add to oversupply concerns. Recent historical data and technical analysis lean bearish, with a rising wedge breakdown signaling fading momentum. While geopolitical risks like Ukraine's attacks on Russian refineries offer some support, the overall outlook is cautiously bearish.",62.83,62.93,-0.94,-0.17999999999999972,FLAT,"63,55","6,25K",
-1,-1,2025-09-19T11:01:56.615326+00:00,"Conflicting factors are influencing WTI crude oil prices. On one hand, the Federal Reserve's rate cut and potential further easing should boost demand. However, concerns about a slowing U.S. economy, particularly weakening consumer demand and rising distillate stockpiles, are outweighing the positive impact of the rate cut. Supply-side factors are also mixed, with OPEC+ planning production increases and Russia adapting to sanctions, while Ukraine's attacks on Russian refineries create uncertainty. Recent price movements show a downward trend, suggesting a bearish sentiment in both short and medium term.",63.38,62.93,-0.94,0.5500000000000043,FLAT,"63,55","6,25K",
-1,0,2025-09-19T11:42:58.044420+00:00,"WTI crude oil prices are expected to decline slightly in the short term based on immediate concerns regarding U.S. demand and a rising dollar. The Fed's recent rate cut had been priced in. However, the medium term outlook is neutral due to conflicting forces: the Fed rate cuts, which are generally bullish for oil prices and the impact of the conflict between Russia and Ukraine. However, increasing inventories and rising US domestic output are offsetting these concerns.",63.38,63.37,-0.25,0.0,FLAT,"63,55","6,68K",
-1,0,2025-09-19T12:01:27.600349+00:00,"WTI crude oil prices are expected to decrease slightly in the short term due to concerns about fuel demand in the United States, despite the Federal Reserve's rate cut which typically boosts demand. Rising Urals crude prices due to Ukrainian attacks and tighter sanctions add upward pressure. Long-term, factors such as OPEC+ production increases, potential recession, and a possible trade edge by China shunning US Soy create a mixed outlook, leading to a neutral stance. EIA reported a larger-than-expected build in distillate inventories, raising concerns about end-user demand. Russia's plans to shield its budget from oil price swings and sanctions reduces fear of major supply disruptions.",63.47,63.37,-0.25,0.0899999999999963,FLAT,"63,55","6,68K",
-1,0,2025-09-19T12:31:41.249574+00:00,"WTI crude oil prices are facing downward pressure in the short term due to concerns about weakening US demand, as evidenced by rising distillate stockpiles. The Fed's interest rate cut's impact is overshadowed by economic worries and uncertainty regarding its effectiveness. Increased sanctions risks on Russian oil and Ukrainian attacks on Russian infrastructure provide some support but are not enough to counter demand concerns. In the medium term, the picture is neutral. OPEC+ production increases and potential global oil surplus weigh on prices, while geopolitical tensions and supply disruptions offer some support. Historical data confirms negative momentum, so it is expected the price will consolidate and eventually decrease.",63.13,63.37,-0.25,-0.3399999999999963,FLAT,"63,55","6,68K",
-1,0,2025-09-19T13:02:16.741530+00:00,"WTI crude oil prices are expected to decline slightly in the short term. Demand concerns are overshadowing the potential bullish impact of the Federal Reserve's interest rate cuts, as evidenced by the increase in distillate stockpiles and softening economic indicators. While geopolitical tensions and supply risks related to Russian production provide some support, the overall outlook leans bearish due to oversupply concerns and a strengthening dollar. In the medium term, the price is expected to be neutral. These events are balanced between concerns about slowing U.S. demand, as well as a boost from the Fed's rate cut.",63.22,63.23,-0.47,0.0899999999999963,FLAT,"63,55","10,50K",
-1,0,2025-09-19T13:32:18.053962+00:00,"WTI crude oil prices are expected to decline slightly in the short term, influenced by concerns over US demand and rising inventories, as highlighted in recent reports. The Federal Reserve's rate cut has been insufficient to offset these factors. In the medium term, the trend is neutral, with prices oscillating between supply pressures from OPEC+ and geopolitical tensions, particularly those involving Russia and Ukraine. Positive factors, such as Gazprom Neft's anticipation of growing Asian demand, are balanced by concerns about slowing economic growth and the potential for a global oil glut.",63.13,63.23,-0.47,-0.0899999999999963,FLAT,"63,55","10,50K",
-1,0,2025-09-19T14:32:33.213179+00:00,"WTI crude oil prices are expected to decrease slightly in the short term and remain neutral in the medium term. Several factors contribute to this outlook. Demand concerns are highlighted by the rise in U.S. distillate stockpiles and reports of weak U.S. fuel consumption. The Federal Reserve's rate cut has failed to significantly boost oil prices due to these demand worries. Supply factors are mixed, with increased OPEC+ production and the potential for a global supply surplus. However, Ukrainian attacks on Russian energy infrastructure and new sanctions create uncertainty about Russian oil flows. Overall, the downside risks seem slightly more significant in the immediate term, but the medium-term outlook is balanced.",63.33,63.13,-0.63,0.19999999999999574,FLAT,"63,55","15,18K",
-1,0,2025-09-19T15:01:41.495445+00:00,"WTI crude oil prices are expected to decrease in the short term due to demand concerns outweighing the positive impact of potential interest rate cuts and ongoing geopolitical tensions. The outlook for the medium term is neutral, reflecting a balance between factors supporting and factors undermining price increases, including concerns over economic slowdown, production increases from OPEC+, U.S. inventory data, and conflicting signals from central bank policies. Supply-side risks from Russian and Ukrainian tensions, along with potential new sanctions, may provide some price support. Market activity remains highly volatile.",63.12,63.08,-0.71,-0.21000000000000085,FLAT,"63,55","23,63K",
-1,0,2025-09-19T15:31:42.947860+00:00,"Several conflicting factors are influencing WTI crude oil prices. The Federal Reserve's rate cut and expectations of further cuts typically support oil demand, but concerns over a slowing US economy and rising distillate stockpiles are dampening this effect. Sanctions on Russia and Ukrainian attacks on Russian energy infrastructure present upside risks, while increased OPEC+ production and a potential supply surplus weigh on prices. Additionally, a stronger dollar is adding downward pressure. Overall, the outlook is mixed, resulting in a slightly negative short-term forecast and a neutral medium-term forecast.",63.05,,,-0.07000000000000028,FLAT,,,
-1,-1,2025-09-19T16:47:46.352025+00:00,"WTI crude oil prices are forecast to decrease in both the short and medium term. This is primarily due to concerns about weak U.S. fuel demand, reflected in increasing distillate stockpiles, and the potential for a global supply glut due to OPEC+ production increases. The rate cut has not helped to boost oil demand. Additionally, a strengthening dollar is adding downward pressure. Ukrainian attacks on Russian refineries provide some support but are insufficient to offset these bearish factors.",62.83,62.89,-1.01,-0.21999999999999886,FLAT,"63,55","33,15K",
-1,0,2025-09-19T17:01:45.032880+00:00,"The short-term outlook for WTI crude oil is slightly negative due to concerns about demand outweighing the positive impact of the Fed rate cut. Rising distillate stockpiles and a softening U.S. jobs market contribute to this bearish sentiment. The medium-term forecast is neutral as supply and demand factors remain in a tug-of-war. Oversupply concerns and OPEC+ production plans offset potential upside from geopolitical risks and rate cuts. The market will likely remain range-bound, influenced by both bearish fundamentals and geopolitical tensions.",62.81,62.89,-1.01,-0.01999999999999602,FLAT,"63,55","33,15K",
-1,0,2025-09-19T19:32:07.191610+00:00,"WTI crude oil prices are expected to experience a slight downward trend in the short term due to concerns about slowing U.S. demand and robust oil supplies. Recent data shows an increase in U.S. distillate stockpiles, a softening labor market, and a decline in single-family homebuilding, all indicating a potential slowdown in economic activity and, consequently, oil demand. The Fed's rate cut, while generally supportive of oil prices, has been overshadowed by worries over the economic outlook. The market is also closely watching OPEC+'s planned production increases and the impact of Ukrainian strikes on Russian energy infrastructure, which contribute to uncertainty. In the medium term, the market will likely remain range-bound, balancing the support from potential supply disruptions and the downward pressure from oversupply and demand concerns. In addition the most recent historical data confirm this downward trend. The most recent close price is 62,72 which is lower than the previous value of 63,53.",62.74,62.72,-1.27,-0.07000000000000028,FLAT,"63,55","51,64K",
-1,-1,2025-09-20T08:16:10.841236+00:00,"WTI crude oil prices are expected to decline in the short and medium term. This is primarily driven by concerns over rising supply from OPEC+ and resilient Russian exports, which outweigh the potential demand boost from recent interest rate cuts by central banks. Additionally, weakening U.S. fuel demand, particularly distillate stockpiles, and a stronger dollar contribute to the bearish outlook. While geopolitical tensions in Eastern Europe and potential sanctions on Russia provide some price support, they are insufficient to counter the prevailing downward pressure from supply and demand imbalances.",62.72,,,-0.020000000000003126,FLAT,,,
-1,-1,2025-09-20T08:32:19.235698+00:00,The oil market is bearish in the short and medium term. Concerns about demand outweigh the positive effects of the Fed rate cut and geopolitical tensions. Rising supply from OPEC+ and the strengthening dollar further contribute to the negative outlook. Technical indicators also suggest a downward trend.,62.72,,,0.0,FLAT,,,
-1,-1,2025-09-20T09:01:24.772314+00:00,"The news analysis presents a predominantly bearish outlook on WTI crude oil prices. Several factors contribute to this assessment. Recent news indicates that technical and supply pressures are aligning to deepen a bearish outlook, as crude oil slides below key support levels. Reports highlight increasing crude supplies despite OPEC's reduced output and resilient U.S. production. Concerns about weakening demand are also prevalent, as evidenced by a surprise build in U.S. distillate stocks and softening economic data. Although the Federal Reserve cut interest rates, this has not translated into increased oil demand, indicating that supply and demand imbalances are the primary drivers of the bearish sentiment. Geopolitical factors, like sanctions on Russia, have limited impact as Russian oil exports remain robust. A potential resolution regarding Russian oil exports via Turkey, and potential increased Russian oil exports due to tax changes adds further downward pressure. Overall, the combination of increasing supply and weakening demand suggests a short-term and medium-term bearish trend for WTI crude oil prices. Technical analysis supports this view, as crude oil has been unable to reclaim its moving averages or key price levels, reinforcing downside targets.",62.72,,,0.0,FLAT,,,
-1,-1,2025-09-20T09:31:36.439683+00:00,"WTI crude oil prices are expected to decline in both the short and medium term. Technical analysis indicates bearish signals, with prices unable to reclaim key moving averages. Concerns about rising global oil supplies and weakening demand outweigh the positive impact of the Federal Reserve's rate cut. Geopolitical risks, such as Ukrainian attacks on Russian refineries, provide some support but are not sufficient to offset the bearish factors. Recent inventory data showing a build in U.S. distillate stockpiles further reinforces demand concerns. Overall, the market sentiment leans towards a surplus and continued downward pressure on prices.",62.72,,,0.0,FLAT,,,
-1,-1,2025-09-20T18:38:28.542543+00:00,"WTI crude oil prices are expected to decline in both the short and medium term. Several factors contribute to this outlook: concerns about weakening demand, rising global oil supplies, and technical indicators suggesting a bearish trend. Despite a recent rate cut by the Federal Reserve, the expected boost to demand was overshadowed by robust supply and a strengthening dollar. Additionally, planned production increases from OPEC+ add to the oversupply concerns, further pressuring prices downward.",62.72,,,0.0,FLAT,,,
1,1,2025-09-22T06:05:41.154188+00:00,"Geopolitical tensions in Europe and the Middle East, including potential EU sanctions against Russia and Ukrainian strikes on Russian energy infrastructure, are providing upward pressure on oil prices. The market is also responding to increased Iraqi oil exports and concerns about weakening global demand. Historical data shows recent price volatility with a slight upward trend.",63.16,62.83,0.46,0.4399999999999977,BUY,"62,52","9,57K",
1,0,2025-09-22T06:07:23.785979+00:00,"In the short term, WTI prices are expected to rise due to geopolitical tensions in Europe and the Middle East, particularly the potential for new EU sanctions against Russia and Ukrainian strikes on Russian energy infrastructure, which could disrupt supply. The historical data shows an increase in price today. However, bearish signals stemming from oversupply concerns and weak demand may limit gains in the medium term. The market seems to be balancing between these opposing forces. Recent prices are fluctuating around 62 and 63, the overall trend does not show a clear tendency.",63.16,62.83,0.46,0.0,FLAT,"62,52","9,57K",
1,1,2025-09-22T06:31:25.965040+00:00,"Geopolitical tensions in Europe and the Middle East, including Russian actions and Ukrainian drone attacks, are providing upward pressure on oil prices. New EU sanctions against Russia, targeting energy revenues, further support this trend. However, concerns about oversupply, particularly from Iraq and unaffected Russian exports, and weak economic data from the U.S. are limiting the upside. Recent historical data shows price fluctuations, but overall, the short-term and medium-term outlook is slightly positive due to geopolitical factors.",63.06,62.82,0.45,-0.09999999999999432,FLAT,"62,52","11,68K",
1,1,2025-09-22T06:34:21.244542+00:00,"Geopolitical tensions in Europe and the Middle East, particularly Ukrainian drone strikes on Russian refineries and potential new EU sanctions against Russia, are providing upward pressure on oil prices. However, concerns about oversupply due to increased exports from Iraq and potentially weakened demand due to economic concerns are limiting the upside. Recent historical data shows a mixed trend, with slight gains in the most recent days but overall volatility. I expect a slightly positive trend in both the short and medium term, driven by geopolitical factors, but capped by supply concerns.",63.06,62.82,0.45,0.0,FLAT,"62,52","11,68K",
1,1,2025-09-22T06:37:25.185024+00:00,"Geopolitical tensions in Europe and the Middle East, along with potential EU sanctions against Russia, are pushing oil prices upward in the short term. Ukrainian strikes on Russian energy infrastructure also contribute to this upward pressure. However, concerns about oversupply and weakening demand, as indicated by bearish technical signals and inventory data, could limit gains in the medium term. The balance between geopolitical risks and market fundamentals will determine the price trend.",63.06,62.82,0.45,0.0,FLAT,"62,52","11,68K",
1,1,2025-09-22T07:01:22.300438+00:00,"WTI crude oil prices are expected to rise in the short and medium term. Geopolitical tensions in Europe and the Middle East, including Ukrainian strikes on Russian energy infrastructure and potential EU sanctions on Russia, are supporting prices. Also, the prices has grown in the beginning of the week. However, concerns about oversupply and weakening global demand could limit gains.",63.15,62.82,0.45,0.0899999999999963,FLAT,"62,52","11,68K",
1,1,2025-09-22T07:04:18.708631+00:00,"WTI crude oil prices are expected to rise in the short and medium term. Geopolitical tensions in Europe and the Middle East, particularly Ukrainian strikes on Russian energy infrastructure and potential new EU sanctions against Russia, are key drivers. Although there are concerns about oversupply and weakening demand, the disruptions to Russian energy exports and the overall bullish sentiment around geopolitical risk are expected to put upward pressure on prices. Recent historical data show a fluctuating WTI trend, but on 2025-09-22 closing price is slightly bullish.",63.15,62.82,0.45,0.0,FLAT,"62,52","11,68K",
1,1,2025-09-22T07:07:23.735120+00:00,"WTI crude oil prices are expected to increase in both the short and medium term. Geopolitical tensions in Europe and the Middle East, particularly Ukrainian strikes on Russian energy infrastructure and potential EU sanctions against Russia, are the primary drivers for this upward trend. Despite concerns about oversupply and weakening demand, the disruptions to Russian energy exports are anticipated to support prices. Recent closing prices confirm an upward trend.",63.15,62.82,0.45,0.0,FLAT,"62,52","11,68K",
1,1,2025-09-22T07:32:03.536074+00:00,"Geopolitical tensions in Europe and the Middle East are supporting oil prices in the short term. The EU considering sanctions against Russia and Ukrainian drone strikes on Russian refineries contribute to upward pressure. However, concerns about increased oil supply from Iraq and rising inventories are weighing on prices. Overall, a slightly positive trend is expected in both the short and medium term.",63.15,62.83,0.46,0.0,FLAT,"62,52","17,18K",
1,1,2025-09-22T07:34:29.195506+00:00,"Geopolitical tensions in Europe and the Middle East are providing upward pressure on oil prices. Specifically, Russian military activity near Poland and Estonia, and increasing Ukrainian drone attacks on Russian energy infrastructure are key factors. The recognition of a Palestinian state by Western nations is also contributing to Middle East jitters. Furthermore, potential new EU sanctions against Russia are likely to constrain supply. Countering these upward pressures are concerns about increasing Iraqi oil exports and rising inventories suggesting that supply is outpacing demand. Recent trading data show a slight upward trend.",63.01,62.83,0.46,-0.14000000000000057,FLAT,"62,52","17,18K",
1,1,2025-09-22T08:01:47.539185+00:00,"Geopolitical tensions in Europe and the Middle East, including potential EU sanctions against Russia and Ukrainian strikes on Russian energy infrastructure, are providing upward pressure on oil prices. The market also seems to be pricing in a modest risk premium due to these tensions. While Iraq increasing exports adds to supply concerns, the overall sentiment suggests a slight bullish trend in both the short and medium term. Technical analysis also suggests a possible breakout, although supply concerns and softer demand might cap gains.",63.01,62.83,0.46,0.0,FLAT,"62,52","17,18K",
1,1,2025-09-22T08:31:45.763516+00:00,"Geopolitical tensions, particularly in Europe and the Middle East, are providing upward support to oil prices in the short term. Specifically, the EU sanctions against Russia and Ukrainian drone strikes on Russian energy infrastructure are key factors. However, increasing oil exports from Iraq and concerns about global fuel demand due to trade tariffs could limit gains. Technical analysis suggests consolidation and potential breakout. The downgrade of Greenfire Resources stock rating due to concerns about lower oil prices and BMO capital expectations that Greenfire would materially outspend cash flow in 2026 have a minor contrary effect.",63.04,62.83,0.46,0.030000000000001137,FLAT,"62,52","17,18K",
1,1,2025-09-22T09:01:33.716654+00:00,"Geopolitical tensions in Europe and the Middle East, including potential EU sanctions against Russia and Ukrainian strikes on Russian energy infrastructure, provide upward pressure on oil prices. The BMO Capital downgrade reflects concerns about a lower oil price environment, but this is outweighed by supply risks. Technically, the price is consolidating, awaiting a breakout. Overall, a slight bullish trend is expected in both the short and medium term.",63.04,62.52,-0.03,0.0,FLAT,"62,52","26,60K",
1,1,2025-09-22T09:31:51.350930+00:00,"WTI crude oil prices are expected to rise slightly in the short and medium term. Geopolitical tensions in Europe and the Middle East, particularly Ukrainian drone strikes on Russian energy infrastructure and potential EU sanctions on Russian energy, are providing upward pressure. However, increased Iraqi oil exports and concerns about global fuel demand due to potential trade tariffs could limit gains. Technical analysis suggests consolidation within a contracting wedge, awaiting a decisive breakout.",63.04,62.52,-0.03,0.0,FLAT,"62,52","26,60K",
1,1,2025-09-22T09:33:37.979548+00:00,"Geopolitical tensions in Europe and the Middle East are providing upward pressure on oil prices, particularly with Ukrainian strikes on Russian energy infrastructure and proposed EU sanctions. These factors outweigh concerns about increased supply from Iraq and potential demand weakness due to trade tariffs and economic data. Recent price movements and technical analysis suggest consolidation, but the upward pressures are likely to lead to moderate gains in both the short and medium term.",63.04,62.52,-0.03,0.0,FLAT,"62,52","26,60K",
1,1,2025-09-22T09:57:29.059026+00:00,"WTI crude oil prices are expected to rise slightly in the short and medium term. Geopolitical tensions in Europe and the Middle East, including Ukrainian strikes on Russian energy infrastructure and potential EU sanctions on Russian energy, are providing upward pressure. However, rising Iraqi oil exports and elevated inventories are capping potential gains. The price has recently failed to break above its 200-day moving average. The historical data shows a recent downward trend, but the most recent news indicates a rebound is possible due to geopolitical factors.",62.27,62.33,-0.34,-0.769999999999996,FLAT,"62,52","35,68K",
1,1,2025-09-22T10:01:27.451386+00:00,"WTI crude oil prices are expected to experience a slight upward trend in the short and medium term. The forecast is based on the analysis of recent news articles indicating rising geopolitical tensions in Europe and the Middle East, which support oil prices. Specifically, potential EU sanctions against Russia and Ukrainian strikes on Russian energy infrastructure are contributing to supply concerns. Also, Polish and allied aircraft were deployed early on Saturday to ensure the safety of Polish airspace after Russia launched airstrikes targeting western Ukraine near the border with Poland. However, rising inventories and potential demand concerns may limit gains, as highlighted by BMO Capital's downgrade of Greenfire Resources due to oil price concerns in a lower price environment. The prices are struggling to break above the 200-day moving average.",62.24,62.33,-0.34,-0.030000000000001137,FLAT,"62,52","35,68K",
1,0,2025-09-22T10:32:26.118133+00:00,"WTI crude oil prices are influenced by several factors. Geopolitical tensions, particularly in Europe (Russia/Ukraine) and the Middle East, provide upward pressure. Fresh EU sanctions against Russia and Ukrainian strikes on Russian energy infrastructure also support prices. However, rising Iraqi oil exports and overall oversupply concerns limit gains. Technical analysis suggests resistance around the 200-day moving average ($63.00) and potential downside if prices break below $62.20. Recent historical data shows a generally downward trend. Considering these factors, a slightly positive short-term outlook is anticipated due to geopolitical tensions, but the medium-term outlook is neutral due to oversupply and technical resistance. Last close price = 62.33.",62.07,62.33,-0.34,-0.1700000000000017,FLAT,"62,52","35,68K",
1,1,2025-09-22T12:12:50.560803+00:00,"Geopolitical tensions in Europe (Russia/Ukraine) and the Middle East are creating upward pressure on prices. Proposed EU sanctions against Russia could also limit supply. However, concerns remain about oversupply and weakening demand, as highlighted by Iraq's increased exports and rising inventories. Technical analysis indicates resistance around the 200-day moving average. Overall, the short and medium-term trend is slightly bullish due to geopolitical factors.",62.03,62.03,-0.82,-0.03999999999999915,FLAT,"62,52","62,74K",
1,1,2025-09-22T12:42:32.659785+00:00,"WTI crude oil prices are expected to rise slightly in the short and medium term. Geopolitical tensions in Europe and the Middle East, including potential EU sanctions against Russia and Ukrainian strikes on Russian energy infrastructure, are providing upward pressure. However, concerns about oversupply and weakening global demand may limit gains. Technical analysis suggests prices remain vulnerable below the 200-day moving average, but recent price action also indicates possible upside potential. Monitoring economic data releases and OPEC+ production decisions will be crucial. The historical data show a recent decrease of the quotation, in the same day of the news items.",61.87,62.03,-0.82,-0.1600000000000037,FLAT,"62,52","62,74K",
1,1,2025-09-22T13:01:42.620821+00:00,"WTI crude oil prices are expected to rise slightly in the short and medium term due to geopolitical tensions in Europe and the Middle East, including potential EU sanctions on Russia. Ukrainian strikes on Russian energy infrastructure are also a supporting factor. However, oversupply concerns and potential weakening demand could limit the upside. From the technical analysis perspective, the oil seems to have limited support.",61.81,62.03,-0.82,-0.05999999999999517,FLAT,"62,52","62,74K",
1,1,2025-09-24T07:35:14.463514+00:00,"Crude oil prices are expected to experience a slight upward trend in both the short and medium term due to several factors. Recent attacks on Russian oil infrastructure by Ukraine, along with ongoing geopolitical tensions, are contributing to supply concerns. Additionally, U.S. crude inventories have declined, further supporting prices. However, potential increases in output from OPEC+ and the possible resumption of exports from Iraq's Kurdistan region could limit gains. Overall, the balance of these factors suggests a cautiously optimistic outlook.",63.67,63.51,-0.35,1.8599999999999994,FLAT,"63,65","13,12K",
1,1,2025-09-24T08:32:29.077968+00:00,"WTI crude oil prices are expected to increase slightly in the short and medium term. Recent data indicates a decrease in US crude oil inventories, which provides a floor for prices. Geopolitical tensions, particularly drone attacks on Russian oil infrastructure and stalled Kurdish oil exports, add to upward pressure. However, potential oversupply issues and concerns about global economic growth could limit gains. The market will likely remain volatile, influenced by both supply-side disruptions and demand-side uncertainties.",63.47,63.77,0.06,-0.20000000000000284,FLAT,"63,65","16,02K",
1,1,2025-09-24T10:39:52.903972+00:00,"WTI crude oil prices are expected to rise in the short and medium term. The short-term bullish trend is supported by a decrease in US crude oil inventories as reported by the API, delays in the restart of Kurdish oil exports, and ongoing geopolitical tensions, especially the attacks on Russian oil infrastructure. The expectation of increased demand from China and India provides additional support. Although the IEA forecasts an oversupply in 2026, the immediate supply disruptions and positive technical signals suggest an upward bias.",64.16,63.79,0.09,0.6899999999999977,FLAT,"63,65","35,74K",
1,1,2025-09-24T20:31:09.979945+00:00,"WTI crude oil prices are expected to rise in the short and medium term due to several factors including a surprise draw in US crude inventories, continued geopolitical tensions in Eastern Europe with Ukrainian drone attacks on Russian oil infrastructure, and stalled resumption of Kurdish oil exports. Concerns about tighter supplies outweigh worries about global oversupply and slowing demand.",64.83,64.83,1.73,0.6700000000000017,FLAT,"63,65","260,32K",
1,1,2025-09-25T06:31:05.724263+00:00,"WTI crude oil prices are expected to continue their upward trend in both the short and medium term. This forecast is based on a number of factors, including: Recent declines in U.S. crude oil inventories, Stalled resumption of Kurdish oil exports, Geopolitical tensions with Russia, Ukrainian drone attacks on Russian refineries, EU considering higher import tariffs on Russian oil, Oversupply concerns in the market, but supply disruptions, Geopolitical tensions, and inventory draws are expected to have a greater impact on prices. The price closed today at 64.75. Based on the overall analysis of the news, including the most recent inventory data and geopolitical factors, the short-term and medium-term forecasts are positive.",64.74,64.75,0.05,-0.09000000000000341,FLAT,"64,74","15,98K",
-1,0,2025-09-25T08:21:08.623231+00:00,"WTI crude oil prices show a short-term bearish trend, influenced by profit-taking, increased supply from Kurdish exports, and concerns over winter demand. The surprise drop in U.S. crude inventories and geopolitical tensions provided some support, but overall sentiment leans towards consolidation. In the medium term, the market remains range-bound, balancing supply concerns with potential demand-side weakness.",64.50,64.5,-0.34,-0.23999999999999488,SELL,"64,74","30,85K",
0,1,2025-09-25T10:19:04.223371+00:00,"WTI crude oil prices are influenced by conflicting factors. Positive drivers include a surprise drop in U.S. crude inventories and ongoing geopolitical tensions, particularly the attacks on Russian energy infrastructure and uncertainty surrounding Russian oil supplies. The failure to restart Kurdish oil exports is also supporting prices. However, concerns about slower winter demand, rising OPEC+ output, and potential oversupply are capping gains. Recent economic data indicating weaker manufacturing activity and cautious comments from the Federal Reserve regarding interest rate cuts introduce additional uncertainty. Historical data shows recent volatility, but the most recent closing price is 64.65. Considering these elements, a neutral short-term outlook is warranted, and a slightly positive medium-term trend is expected.",64.73,64.65,-0.11,0.23000000000000398,BUY,"64,74","45,37K",
-1,0,2025-09-25T14:13:03.710503+00:00,"WTI crude oil prices experienced a pullback today, influenced by profit-taking after recent gains and renewed oversupply concerns due to the potential return of Kurdish oil. Economic data indicating slower demand and a general risk-off sentiment in financial markets are also contributing to the downward pressure. However, ongoing geopolitical risks, particularly regarding Russia and Ukraine, as well as the delay in resuming Kurdish oil exports, could provide some support. The short-term forecast is negative, considering the immediate pressures, while the medium-term outlook remains neutral due to the offsetting factors of supply concerns and geopolitical risks, tempered by demand uncertainties and potential oversupply.",64.24,64.47,-0.39,-0.4900000000000091,SELL,"64,74","82,72K",
0,1,2025-09-25T18:56:16.325921+00:00,"WTI crude oil prices are expected to be relatively stable in the short term, with a potential for a slight upward trend in the medium term. Factors supporting this outlook include ongoing geopolitical tensions, particularly related to Ukraine and Russia, which could disrupt supply. The market is closely monitoring the potential impact of production decisions by OPEC+ and the resumption of Kurdish oil exports, which could increase supply. Economic data and Federal Reserve policy decisions also play a crucial role in influencing price expectations. Overall, there's a mixed bag of factors influencing the market, resulting in a forecast of near-term stability and a possibility of a gradual increase over the next week.",65.24,64.94,0.34,1.0,BUY,"64,74","189,61K",
1,1,2025-09-26T06:49:52.806415+00:00,"WTI crude oil prices are likely to experience a slight upward trend in both the short and medium term. Recent events indicate a tightening supply outlook. Ukraine's attacks on Russian energy infrastructure, coupled with Russia's restrictions on fuel exports, will create upward price pressure. While a global oversupply narrative persists, the current disruptions are strong enough to push prices slightly higher. U.S. crude inventories unexpectedly falling will contribute to price increases. However, increased tariffs announced by President Trump, could curb bullish momentum. Agreement to restart of oil exports from Iraq’s Kurdistan, could return up to 500kb/d to the global market. Technical indicators, such as breaking of bull wedge and momentum above the 50-Day average also support the upward price movement.",65.34,65.3,0.06,0.10000000000000853,BUY,"65,26","11,52K",
1,1,2025-09-26T08:53:14.560054+00:00,WTI crude oil prices are expected to rise slightly in the short and medium term. The recent jump in prices is due to Russia supply risks and U.S. stock draw. Geopolitical tensions related to Ukraine's attacks on Russian energy facilities are also supporting prices. Resumption of oil exports from Iraqi Kurdistan and increased OPEC+ output could limit gains. Stronger-than-expected U.S. economic data and new tariffs announced by President Trump may create uncertainty.,65.16,65.01,-0.38,-0.18000000000000682,FLAT,"65,26","28,88K",
0,1,2025-09-26T11:14:27.522180+00:00,"WTI crude oil prices are expected to experience short-term consolidation around the current level and a moderate increase in the medium term, given that most of the recent bullish factors (Russian supply disruptions, Ukrainian drone strikes, and US inventory draws) will keep prices at around the current level in the short term, and that the expected end of Kurdish exports and a possible increase in OPEC+ production should be absorbed in the medium term.",65.00,64.99,-0.41,-0.1599999999999966,SELL,"65,26","51,04K",
1,1,2025-09-26T13:26:02.639636+00:00,"WTI crude oil prices are expected to trend upward in both the short and medium term. The primary drivers for this bullish outlook include ongoing geopolitical tensions, particularly the Ukrainian drone strikes on Russian energy infrastructure and Trump's pressure on Turkey to halt Russian oil purchases. The reduced Russian fuel exports, coupled with a larger-than-expected drawdown in U.S. crude inventories, further contribute to this expectation. However, the resumption of oil exports from the Kurdish region and concerns about weaker demand due to potential tariffs and global economic slowdown could moderate these gains.",65.36,65.36,0.15,0.35999999999999943,BUY,"65,26","81,91K",
1,1,2025-09-26T17:37:09.881751+00:00,"The price of WTI crude oil is expected to increase in the short and medium term. The most important factor is the reduction of Russian fuel exports due to Ukrainian attacks and Russian export bans. The announcement of the resumption of Iraqi Kurdistan exports and the increase in US oil and gas rigs are dampening factors, but the reduction in Russian refining capacity and potential sanctions on Russian exports are expected to be greater drivers.",65.55,65.66,0.61,0.18999999999999773,FLAT,"65,26","208,73K",
-1,0,2025-09-29T07:18:45.956365+00:00,"Oil prices are facing downward pressure in the short term due to the resumption of Kurdish crude exports and potential output hikes from OPEC+. While geopolitical tensions and Ukrainian attacks on Russian infrastructure previously supported prices, the increasing supply concerns outweigh these factors. The Standard Chartered forecast of higher prices in 2026 is too far out to influence the short to medium term, while historical data indicate the price is fairly stable, although with some volatility.",65.07,65.4,0.4,-0.480000000000004,SELL,"65,10","20,27K",
-1,0,2025-09-29T08:23:37.677611+00:00,"WTI crude oil prices are expected to slightly decrease in the short term. The resumption of Kurdish crude exports and potential OPEC+ output hikes are weighing on prices. Geopolitical tensions and supply disruptions from Russian attacks on Ukrainian infrastructure previously supported prices but are now less impactful. Standard Chartered presents a contrasting bullish outlook, but the prevailing sentiment is bearish, especially given the IEA's prediction of a glut in 2026. The latest historical data confirms this tendency for the day 2025-09-29. In the medium term the price is expected to remain neutral.",64.75,65.01,-0.2,-0.3199999999999932,FLAT,"65,10","26,62K",
-1,-1,2025-09-29T10:13:39.011555+00:00,"WTI crude oil prices are expected to decrease in the short and medium term. Several factors contribute to this bearish outlook. News indicates that OPEC+ is considering another output hike in November, which would add to global supplies. The resumption of crude oil exports from Iraq's Kurdistan region also increases supply. Concerns about a potential US government shutdown create economic uncertainty, and Trump's tariffs could weigh on the oil and gas industry. While geopolitical tensions like the Russia-Ukraine conflict could provide some support, the overall sentiment points towards increased supply and potential downward pressure on prices.",64.61,64.64,-0.77,-0.14000000000000057,FLAT,"65,10","43,71K",
-1,0,2025-09-29T11:46:24.691625+00:00,"WTI crude oil prices are expected to decline slightly in the short term due to increased supply from the resumption of exports from the Kurdistan region and potential OPEC+ output hikes. In the medium term, the market is expected to remain relatively stable, balancing increased supply with geopolitical tensions and potential economic stimulus measures. Recent historical data shows a decrease in closing prices, indicating a downward trend. The anticipated OPEC+ decision on November output will be a key factor influencing the medium-term outlook.",64.50,64.38,-1.17,-0.10999999999999943,FLAT,"65,10","50,04K",
-1,0,2025-09-29T12:48:28.579539+00:00,"WTI crude oil prices are expected to experience a slight downward pressure in the short term and neutral trend in the medium term. The resumption of oil exports from Kurdistan and the likely increase in OPEC+ production are key factors contributing to the expected downward pressure. However, geopolitical tensions and robust buying from China could offset these factors, leading to a neutral trend in the medium term.",64.51,64.37,-1.18,0.010000000000005116,FLAT,"65,10","65,58K",
-1,-1,2025-09-29T13:48:15.658226+00:00,"WTI crude oil prices are expected to decrease in the short and medium term. The primary factors driving this forecast are the resumption of oil exports from the Kurdistan region of Iraq, plans for a further increase in oil production by OPEC+, and a general concern about a global supply glut. Although geopolitical tensions and potential disruptions to Russian energy infrastructure provide some upward price pressure, these are outweighed by the oversupply signals. The approval of the BP Tiber-Guadalupe project will not impact the short and medium term due to 2030 start date.",63.80,63.8,-2.06,-0.710000000000008,FLAT,"65,10","96,87K",
-1,0,2025-09-29T15:15:59.456467+00:00,"WTI crude oil prices are expected to decrease in the short term due to increased global supply from resumed Kurdish exports and potential OPEC+ production hikes. However, geopolitical tensions and strong Chinese demand may limit the downside. In the medium term, the price trend is expected to be neutral, balancing between oversupply concerns and potential supply disruptions.",63.42,63.65,-2.29,-0.37999999999999545,FLAT,"65,10","120,41K",
-1,0,2025-09-29T16:26:05.329756+00:00,"WTI crude oil prices are expected to decrease in the short term due to increased supply from Iraq's Kurdistan region and potential OPEC+ output hikes. Also data confirm a close price day 2025-09-29 with a -2.92%.
In the medium term, the price is expected to be neutral, influenced by counteracting factors such as geopolitical risks (e.g., Ukraine-Russia conflict) and China's crude stockpiling, and production strategies for ConocoPhillips and ExxonMobil, which plan to increase production. The potential for a US government shutdown adds uncertainty.",63.32,63.24,-2.92,-0.10000000000000142,FLAT,"65,10","153,78K",
-1,-1,2025-09-30T07:39:59.677189+00:00,"The forecast for WTI crude oil prices in the short and medium term is negative. This is due to several factors: 

*   **Increased Supply:** OPEC+ is expected to increase production in November, and Iraq has resumed oil exports from the Kurdistan region, adding to global supply. 
*   **Potential US Government Shutdown:** This could lead to demand concerns. 

These factors outweigh the support from ongoing geopolitical risks related to the Russia-Ukraine war, even if the impact should be limited due to a general undershooting by OPEC+ in meeting their production quotas. The price is stabilizing around $63.",62.82,63.15,0.06,-0.5,FLAT,"63,10","15,08K",
-1,-1,2025-09-30T10:50:58.778362+00:00,"Several factors are weighing on WTI crude oil prices. The prospect of increased OPEC+ production in November, coupled with the resumption of exports from Iraq's Kurdistan region, suggests a potential oversupply. Concerns about a possible US government shutdown also add bearish sentiment by raising demand concerns. While geopolitical risks remain, the potential for increased supply and weakening demand in the short and medium term suggests a downward trend.",62.94,62.75,-0.57,0.11999999999999744,FLAT,"63,10","42,94K",
-1,-1,2025-09-30T13:39:25.759811+00:00,"WTI crude oil prices are expected to decrease in the short and medium term due to the anticipation of increased oil production from OPEC+ and the resumption of oil exports from Iraq's Kurdistan region. This oversupply pressure is further compounded by concerns over a potential U.S. government shutdown which could dampen demand. Some analysts also expect an expanding oil surplus over the next year, potentially pushing prices down further. However, geopolitical tensions, particularly regarding Russia and Iran, could limit the downside but the oversupply seems a more relevant factor than the geopolitical news.",62.50,62.11,-1.58,-0.4399999999999977,FLAT,"63,10","87,09K",
-1,-1,2025-09-30T15:23:33.536690+00:00,"Oil prices are expected to decrease in the short and medium term due to a number of factors. OPEC+ is likely to increase production, which will add to the global supply of oil. Iraq has resumed crude exports from its Kurdistan region, which will further increase supply. There are also concerns about a potential U.S. government shutdown, which could negatively impact demand for oil. The historical data are inline with this direction, there is a decreasing trend, the quotation decreased from 65.72 the 2025-09-26 to 62.31 the 2025-09-30.",62.41,62.31,-1.27,-0.09000000000000341,FLAT,"63,10","137,32K",
0,-1,2025-10-01T08:30:08.970856+00:00,"WTI crude oil prices are expected to remain relatively stable in the short term but may experience a downward trend in the medium term. In the short term, the impact of the US government shutdown and the potential OPEC+ production hike are being weighed against each other, leading to price fluctuations. The reduction of US crude inventories reported by API, has also influenced prices. However, the medium-term outlook is largely negative due to concerns about oversupply. The potential for OPEC+ to further increase output and the resumption of oil exports from Iraq's Kurdistan region have amplified these concerns. Data on factory activity in Asia, the world's biggest oil-consuming region, also added to concerns about fuel demand, reinforcing the downward pressure on prices.",62.56,62.69,0.3,0.15000000000000568,BUY,"62,50","18,31K",
-1,-1,2025-10-01T10:03:55.663492+00:00,"WTI crude oil prices are expected to experience downward pressure in the short and medium term. Several factors contribute to this outlook, including concerns about increased global oil supply due to potential OPEC+ production hikes, resumption of oil exports from the Kurdistan region, and potential impacts of a US government shutdown. Additionally, weaker economic data from Asia adds to demand concerns. 

Specifically, the market is responding to reports that OPEC+ may further increase output in November and that exports from Kurdistan have resumed, which would ease supply constraints. The US government shutdown raises concerns about economic activity and fuel demand, and weak manufacturing data from Asia adds to demand anxieties. While the government shutdown might temporarily disrupt data flow, it doesn't fundamentally change the supply-heavy narrative. Therefore, a cautious or bearish approach to WTI prices is warranted.",62.05,62.04,-0.74,-0.5100000000000051,SELL,"62,50","51,66K",
-1,-1,2025-10-01T12:03:56.533045+00:00,"WTI crude oil prices are expected to decline in the short and medium term, driven by a confluence of bearish factors. The potential for increased OPEC+ output in November, coupled with rising crude oil production from Iraq and the US, and a potential government shutdown, contribute to concerns about oversupply and weakening demand. Job cuts in the energy sector and forecasts of a significant oil surplus in 2026 are also impacting investor sentiment. Technical analysis shows a bearish bias as prices break below key moving averages.",62.07,62.12,-0.61,0.020000000000003126,FLAT,"62,50","66,01K",
-1,-1,2025-10-01T13:48:08.202014+00:00,"WTI crude oil prices are expected to decline in the short and medium term. Several factors contribute to this bearish outlook, including potential increases in OPEC+ production, resumption of Kurdish oil exports, and concerns about weakening demand due to global economic uncertainty and a potential U.S. government shutdown. Recent price action and technical indicators also point towards a downward trend, with key support levels being tested. Although tensions with Russia provide some upward pressure, they are currently insufficient to offset the prevailing bearish forces.",61.53,61.62,-1.41,-0.5399999999999991,FLAT,"62,50","91,59K",
-1,-1,2025-10-01T21:12:41.123743+00:00,"WTI crude oil prices are expected to decline in both the short and medium term. The primary downward pressure stems from concerns about oversupply, driven by the potential for OPEC+ to increase production and the resumption of exports from Iraq's Kurdistan region. The U.S. government shutdown and weaker economic data from Asia also contribute to demand uncertainty. Although geopolitical tensions persist, they are outweighed by the supply-side factors.",61.78,61.78,-1.15,0.25,FLAT,"62,50","245,14K",
1,1,2025-10-02T08:40:43.917046+00:00,"WTI crude oil prices are expected to trend slightly upward in both the short and medium term. The upward pressure is mainly driven by concerns over potential Russian export disruptions due to increased geopolitical tensions. Specifically, the US is providing Ukraine with intelligence for long-range missile strikes on Russian energy infrastructure, raising concerns about disruptions and supporting prices, even if OPEC+ considers raising output. Also, G7 nations will target those continuing to increase Russian oil purchases. However, potential supply increases by OPEC+ in November, a possible US government shutdown that could impact economic activity, and a recent increase in US crude inventories exert downward pressure on prices. Overall, the net effect suggests a slightly positive trend.",61.79,61.9,0.19,0.00999999999999801,BUY,"61,85","23,47K",
1,0,2025-10-02T12:14:40.702573+00:00,"In the short term, WTI crude oil prices are expected to slightly increase due to concerns about potential Russian export disruptions and renewed expectations of tougher sanctions on entities still buying or facilitating Russian oil imports. However, oversupply concerns and weak economic signals may cap the upside. In the medium term, the trend is neutral as the potential for increased OPEC+ production and a possible US government shutdown are offset by geopolitical risks and Chinese stockpiling.",61.52,61.52,-0.42,-0.269999999999996,FLAT,"61,85","65,26K",
-1,-1,2025-10-02T13:36:15.876224+00:00,"The WTI crude oil price is expected to trend downwards in the short and medium term. Oversupply concerns are fueled by potential OPEC+ output increases and rising US crude, gasoline and distillate inventories, along with weaker demand signals stemming from a possible US government shutdown and economic data from Asia. While geopolitical factors like potential disruptions to Russian oil exports and US support for Ukraine's attacks on Russian energy infrastructure are present, they are currently outweighed by supply-side factors. Recent historical data also show negative price movements, reinforcing the bearish outlook.",61.26,61.31,-0.76,-0.2600000000000051,SELL,"61,85","74,79K",
-1,-1,2025-10-02T14:46:23.851803+00:00,"WTI crude oil prices are expected to decline slightly in both the short and medium term. Several factors contribute to this bearish outlook. Recent reports suggest a potential increase in oil production by OPEC+ in November, which could lead to an oversupply in the market. The U.S. government shutdown adds to economic uncertainty and could negatively impact demand. Rising U.S. crude, gasoline, and distillate inventories also point to weaker demand. However, geopolitical tensions, such as the U.S. providing intelligence to Ukraine for strikes on Russian energy infrastructure and G7 efforts to tighten sanctions on Russian oil purchases, provide some counter-pressure and could lead to supply disruptions.",61.09,61.23,-0.89,-0.1699999999999946,FLAT,"61,85","125,70K",
-1,-2,2025-10-02T15:51:19.410262+00:00,"WTI crude oil prices are expected to decline in both the short and medium term. The most recent news highlights concerns about oversupply due to potential OPEC+ output increases, rising U.S. crude inventories, and weakening demand because of the U.S. government shutdown which could delay key economic data and lower consumer demand and layoffs in the oilpatch. Historical data indicates a recent downward trend, and technical analysis suggests a bearish outlook. While geopolitical tensions and sanctions on Russian oil provide some support, they are not enough to offset the oversupply concerns. The forecast is that WTI prices will likely test support levels around $60/bbl.",60.82,61.02,-1.23,-0.2700000000000031,FLAT,"61,85","145,84K",
-1,-2,2025-10-02T17:05:08.900689+00:00,"WTI crude oil prices are expected to continue their downward trend in both the short and medium term. The primary drivers are oversupply concerns stemming from potential OPEC+ production increases in November, coupled with weaker global demand due to the U.S. government shutdown and contraction in manufacturing activity in Asia. The increase in U.S. crude inventories and mixed API data, contribute to negative sentiment. Geopolitical tensions, like those involving Russia and Ukraine, offer limited support unless significant supply disruptions materialize. Technical indicators show WTI is trading below key moving averages, signaling bearish momentum. Recent data shows prices falling, and sentiment remains largely negative, thus supporting the forecast of continued price weakness.",60.58,60.79,-1.6,-0.240000000000002,FLAT,"61,85","179,94K",
0,-1,2025-10-03T10:25:20.087205+00:00,"WTI crude oil prices are expected to be range-bound in the short term with a slightly negative trend in the medium term. This forecast is based on conflicting factors: potential OPEC+ output increases, the ongoing US government shutdown affecting demand data, rising US inventories, and a refinery fire potentially impacting gasoline prices in California. News items related to increasing supply and weakening demand are weighing on prices, while geopolitical tensions provide limited support.",60.88,60.89,0.3,0.30000000000000426,BUY,"60,72","39,93K",
1,-1,2025-10-03T12:12:47.986103+00:00,"WTI crude oil prices are expected to be volatile, with a slight upward trend in the short term due to refinery fire and OPEC+ possible decision for keeping production, but a downward pressure in the medium term due to oversupply concerns, refinery maintenance, and weakening demand. The historical data confirm the downward trend.",60.69,60.69,-0.03,-0.19000000000000483,BUY,"60,72","54,50K",
0,-1,2025-10-03T13:15:09.427272+00:00,"WTI crude oil prices are expected to be range-bound in the short term due to countervailing factors. On one hand, potential OPEC+ production increases and rising US inventories are weighing on prices. On the other hand, geopolitical tensions such as the US government providing Ukraine with intelligence for strikes on Russian energy infrastructure are providing some support. A large fire at Chevron's El Segundo refinery could provide short-term support. For the medium term, prices are expected to trend slightly downwards due to the likelihood of increased OPEC+ output and weaker demand.",60.83,60.61,-0.16,0.14000000000000057,SELL,"60,72","56,42K",
0,-1,2025-10-03T13:53:34.376064+00:00,"WTI crude oil prices are expected to remain relatively stable in the short term due to mixed market signals. The potential for increased OPEC+ output and rising crude inventories are balanced by the fire at the Chevron refinery and geopolitical tensions related to Russia. In the medium term, oversupply concerns from OPEC+ and slowing demand are likely to exert downward pressure on prices, despite potential disruptions to Russian energy infrastructure.",60.93,60.88,0.28,0.10000000000000142,FLAT,"60,72","78,07K",
1,-1,2025-10-03T14:12:11.196891+00:00,"WTI crude oil prices are experiencing conflicting pressures. On one hand, potential OPEC+ production increases and rising US crude inventories are pushing prices down. The potential for increased exports from Iraq and a possible global surplus contribute to bearish sentiment. The refinery fire on the US West Coast is deemed unlikely to have a broad market impact, but I am keeping the risk assessment higher due to my lack of expertise in this specific field. On the other hand, there are some factors that are offering some price support: ongoing geopolitical tensions involving Russia, Ukraine, the US government shutdown, and the potential tightening of sanctions on Russian crude exports may disrupt supply. Overall, the short-term forecast is slightly positive due to the current price rising (+0.28%), while the medium-term forecast is slightly negative due to the possibility of OPEC+ increasing production and the government shutdown.",61.00,60.88,0.28,0.07000000000000028,BUY,"60,72","78,07K",
1,1,2025-10-06T07:16:01.769866+00:00,"OPEC+'s decision to maintain a modest production increase, coupled with positive analyst expectations on Aker BP and bullish technical signals, suggest a slightly positive trend in both the short and medium term. The price is growing up these days.",61.91,62.0,0.65,0.9099999999999966,FLAT,"61,61","26,78K",
1,1,2025-10-06T08:42:26.340051+00:00,"The OPEC+ decision to maintain a modest output increase for November, along with rising geopolitical tensions, supports a slightly bullish outlook for WTI crude oil prices in the short and medium term. However, concerns about a potential supply glut and weakening global demand could limit significant price increases.",61.95,61.66,0.1,0.04000000000000625,FLAT,"61,61","38,89K",
1,1,2025-10-06T12:24:37.442164+00:00,"The OPEC+ decision to maintain a smaller-than-expected output hike has eased supply glut fears, supporting oil prices in the short term. Rising geopolitical tensions further contribute to upward pressure. However, concerns about weaker global demand and the start of refinery maintenance season could limit gains. Historical data shows a recent downtrend, but the immediate reaction to the OPEC+ decision is positive. The short-term forecast is moderately bullish, but medium-term gains could be capped by demand concerns.",61.47,61.14,-0.75,-0.480000000000004,FLAT,"61,61","60,83K",
1,1,2025-10-06T12:36:08.943337+00:00,"OPEC+'s smaller-than-expected output hike is the main driver for the oil price increase, as well as some positive comments between Hamas and Israel. However, rising US shale production, refinery maintenance in the Middle East, and a subdued global economic outlook limit the upside. Recent stock market performance (energy stocks declining) suggest also some market weakness. The trend is up for short term, and slightly up for medium term, given the OPEC decision and the low inventories.",61.52,61.14,-0.75,0.05000000000000426,FLAT,"61,61","60,83K",
1,0,2025-10-06T16:19:35.948661+00:00,"WTI crude oil prices are expected to rise slightly in the short term due to OPEC+'s smaller-than-expected output hike for November. This is supported by news of production increases being only half of the pledged amount actually reaching the market. However, a softer demand outlook, potential for oversupply, rising US shale production, refinery maintenance in the Middle East, and a possible US government shutdown are all factors that are expected to limit the gains and keep prices range bound in the medium term. Technical analysis also suggests resistance at the 200-day moving average.",61.94,61.81,0.34,0.4199999999999946,FLAT,"61,61","148,98K",
1,0,2025-10-07T09:19:44.065046+00:00,"In the short term, the modest OPEC+ output hike and geopolitical tensions suggest a slight positive trend. However, concerns about oversupply, weakening demand, and refinery maintenance could limit gains in the medium term, leading to a neutral outlook. Historical data shows volatility and a recent downward trend, despite some rebounds. The most recent closing price is 61.61.",61.39,61.61,-0.15,-0.5499999999999972,FLAT,"61,69","22,96K",
1,0,2025-10-07T11:55:01.874148+00:00,"The latest news indicates a complex situation for WTI crude oil prices. OPEC+'s restrained output increase for November, due to concerns about a potential global glut, is a supportive factor, as the market had priced in a higher increase. China's strategic petroleum reserve expansion also provides some support. However, rising non-OPEC supply, particularly from the U.S., Brazil and Guyana, and concerns about weaker demand growth, especially in Q4, pose downward risks. Geopolitical tensions, such as Ukrainian attacks on Russian energy infrastructure, could disrupt supply and add a risk premium to prices, supporting a modest positive impact in the short term. The impact of a potential U.S. government shutdown also adds uncertainty. Overall, a neutral outlook is predicted for the medium term, as the factors pushing prices up are balanced by those pushing them down. I have included 30 day of historic prices to support the anlysis.",61.78,61.76,0.1,0.39000000000000057,FLAT,"61,69","38,97K",
0,0,2025-10-07T13:55:34.532193+00:00,"The news analysis presents a mixed outlook for WTI crude oil prices. The OPEC+ decision to maintain a cautious approach to output increases provides some support, but concerns about a potential supply glut and weakening demand persist. Geopolitical risks and refinery disruptions could provide temporary price floors, but overall, the market is expected to remain balanced in the short term. China's stockpiling and strategic reserve expansions provide some support, though in the longer-term demand side weakness should persist, with large oil majors cutting cost. The historical data shows a downtrend, so I expect the market to remain neutral in the short and medium term.",61.78,61.32,-0.62,0.0,SELL,"61,69","72,17K",
0,-1,2025-10-07T19:20:42.613065+00:00,"WTI crude oil prices are facing mixed signals. OPEC+'s cautious approach to output increases suggests a desire to avoid oversupply, while geopolitical tensions, particularly the attacks on Russian energy infrastructure, provide some support. However, rising US output and concerns over global demand, as indicated by Saudi Arabia keeping prices steady for Asian customers, weigh on prices. The EIA's forecast of increased US output and rising global oil inventories points to downward pressure. Given the balancing factors, the short-term outlook is neutral. A modest downward trend is expected in the medium term due to oversupply concerns.",62.00,61.75,0.08,0.21999999999999886,FLAT,"61,69","177,86K",61.8
0,-1,2025-10-07T19:36:19.919442+00:00,"The WTI crude oil price is expected to remain relatively stable in the short term. This is due to conflicting market forces. The OPEC+ decision to keep output increases modest provides some upward pressure, but concerns about oversupply, rising U.S. production, and a stronger dollar are pushing the price downward. The numerous reports indicating a potential supply glut in the coming months weigh heavily on the medium-term outlook. Key data releases later this week, including EIA crude oil inventories and FOMC minutes, could influence short-term price movements, but the overall trend suggests a slight downward bias. The expectation is a close around 61.90 USD considering current market conditions and the average of opposing forecast variables.",62.03,62.03,0.53,0.030000000000001137,FLAT,"61,69","207,36K",61.9
0,0,2025-10-07T19:41:47.047800+00:00,"The oil market is currently in a state of uncertainty, with conflicting signals. OPEC+'s cautious approach to output increases is counterbalanced by rising US production and concerns about global demand. Geopolitical tensions, particularly those involving Russia and Ukraine, provide some support, but the potential for oversupply is a significant concern. Considering all factors, the WTI price is likely to remain range-bound, leading to a neutral forecast in both the short and medium term.",62.05,62.03,0.53,0.01999999999999602,FLAT,"61,69","207,36K",62.1
0,-1,2025-10-07T19:49:36.529778+00:00,"Analysis of recent news indicates a neutral short-term outlook for WTI crude oil prices. The OPEC+ decision for a modest output increase in November and Saudi Arabia keeping prices steady signals caution. However, global oversupply concerns, rising US production, and potential slowing demand put downward pressure. Geopolitical risks and refinery disruptions in Russia offer some support, but the overall sentiment leans slightly bearish for the medium term, with possible inventory builds and weakened demand.The price closed at 62.03 today, so the forecast is based on a negative trend.",62.08,62.03,0.53,0.030000000000001137,FLAT,"61,69","207,36K",61.85
0,0,2025-10-08T08:41:30.169769+00:00,"WTI crude oil prices are currently influenced by conflicting factors. On the one hand, OPEC+'s restrained output increase is providing some support, while ongoing geopolitical tensions, particularly the Russia-Ukraine conflict and attacks on Russian refineries, are creating uncertainty. However, concerns about a potential supply glut and rising U.S. oil production are weighing on prices. The EIA's forecast for rising global oil inventories through 2026 suggests downward pressure on prices in the coming months. The recent API data shows a build in crude stocks but a draw in gasoline and distillate inventories, signaling mixed demand. The stronger dollar may contribute to downward pressure. Given these mixed signals, a neutral outlook is appropriate for both the short and medium term. Since most of the latest news point to a neutral or slightly bearish trend, I'm expecting the price to stay the same or slightly decrease at the end of the day.",62.33,62.31,0.26,0.25,FLAT,"62,16","20,46K",62.1
1,0,2025-10-08T09:24:50.299636+00:00,"WTI crude oil prices are expected to increase slightly in the short term based on recent positive price action, OPEC+ production decisions, and geopolitical risks that have kept a floor under prices. In the medium term, the price trend is expected to be neutral amid concerns about a potential supply glut stemming from increasing production by non-OPEC countries, including the U.S. which are expected to put downward pressure on prices.",62.59,62.48,0.53,0.2600000000000051,BUY,"62,16","28,61K",62.7
1,0,2025-10-08T12:12:27.684712+00:00,"WTI crude oil prices are expected to slightly increase in the short term, influenced by OPEC+'s restrained output increase and ongoing geopolitical tensions, particularly attacks on Russian refineries. U.S. inventory data and the FOMC meeting minutes will be key factors. However, a medium-term outlook remains neutral due to the potential for rising global inventories and increased U.S. production, which could offset any short-term gains.",62.73,62.59,0.71,0.13999999999999346,FLAT,"62,16","50,88K",62.88
1,0,2025-10-08T15:29:35.563601+00:00,"WTI crude oil prices are expected to experience a slight upward trend in the short term, influenced by the recent OPEC+ decision to maintain a restrained output increase, potentially easing oversupply concerns. Additionally, the dip in inventories at the Cushing hub, despite an overall rise in US crude stocks, is indicative of a tightening physical market, supporting prices. However, the medium-term outlook remains neutral due to the EIA's projection of rising global oil inventories and US output, which could offset the positive effects of OPEC+'s cautious approach. Factors like increased Tungsten prices and shell buyback, balance out. Also, historical data suggests a continued fluctuation around the 62 dollar mark. ",62.74,62.63,0.77,0.010000000000005116,FLAT,"62,16","129,24K",62.9
1,0,2025-10-08T16:14:04.093783+00:00,"WTI crude oil prices experienced a mixed trading session today. Despite a larger-than-expected build in U.S. crude oil inventories, prices edged up due to worries about limited OPEC+ production increases and concerns about Russian output impacted by Ukrainian drone attacks and sanctions. While the near-term trend suggests slight upward movement, the medium-term outlook is neutral due to concerns about ample global supplies, with OPEC+ increasing production and the U.S. forecasting record domestic output. Goldman Sachs reaffirms its bearish outlook on oil.",62.68,62.68,0.85,-0.060000000000002274,FLAT,"62,16","164,09K",63.05
1,0,2025-10-08T17:56:25.903404+00:00,"WTI crude oil prices experienced upward pressure today due to OPEC+'s restrained output increase and Ukrainian attacks on Russian refineries, offset by reports of growing US crude inventories and the EIA projecting rising global inventories. The near-term outlook remains moderately bullish, but the medium-term picture is neutral due to competing supply and demand forces. Recent closing price of $62.69 and positive price action provide some upward momentum.",62.74,62.69,0.87,0.060000000000002274,FLAT,"62,16","191,08K",62.85
1,1,2025-10-08T19:49:31.859663+00:00,"WTI crude oil prices are expected to rise slightly in the short and medium term. The market is influenced by a mix of factors, including concerns about Russian output due to ongoing conflict in Ukraine and limited OPEC+ production increases. Positive signs include decreasing gasoline and distillate inventories, signaling increased demand, and a smaller-than-expected OPEC+ output increase for November. However, rising U.S. crude inventories and forecasts of oversupply in 2026 may limit further gains. Therefore, I predict a rise to 62.70 by the end of the day.",62.39,62.39,0.39,-0.3500000000000014,FLAT,"62,16","241,05K",62.7
-1,-1,2025-10-09T06:07:08.078409+00:00,"The market sentiment is bearish in the short and medium term due to several factors: progress in Gaza ceasefire talks reduces geopolitical risk, U.S. crude inventories are rising, EIA forecasts oversupply, and Saudi Arabia holds steady crude prices signaling weak demand. The forecast price at the end of the day is $61.85 considering the actual trend with a open price at 62.05. The OPEC+ limited output increase is already factored in. Although Russian refinery outages and a weaker dollar offer some support, downward pressures prevail.",62.56,62.36,0.47,0.1700000000000017,BUY,"62,05","14,70K",61.85
1,0,2025-10-09T08:20:27.442973+00:00,"WTI crude oil prices are likely to experience a slight upward movement in the short term due to the breakthrough in the Gaza ceasefire talks, which has eased geopolitical tensions. However, concerns about oversupply and rising US inventories, along with OPEC+'s output decisions, could limit gains in the medium term. News regarding China's oil storage and attacks on Russian facilities have a smaller impact. Recent historical data, shows an upward trend.",62.70,62.76,1.11,0.14000000000000057,FLAT,"62,05","24,38K",63.05
0,-1,2025-10-09T10:25:00.561515+00:00,"The analysis of news items presents a mixed outlook for WTI crude oil prices. The potential Gaza ceasefire deal is a significant factor that could ease geopolitical tensions and reduce the risk premium, leading to a decrease in prices. However, stalled peace talks in Ukraine and continued sanctions on Russia could sustain prices. Recent data showed an increase in U.S. crude inventories which add a bearish outlook. Given the mixed signals, a neutral short-term forecast and a slightly negative medium-term forecast are reasonable. Furthermore, the Citi warns of a bearish sentiment in the oil market, given also the expectations for a glut as OPEC+ unwinds its production cuts. There are some risks in the supply side given drone attacks to Russia and sanctions to Serbia's Oil Firm. Given all the considerations and based on the most recent close price for WTI crude oil, a conservative estimate would be a target price around $62.10.",62.18,62.39,0.52,-0.5200000000000031,FLAT,"62,05","38,58K",62.1
0,-1,2025-10-09T10:52:27.932911+00:00,"The potential ceasefire in Gaza and rising US inventories put downward pressure on WTI prices. The limited OPEC+ output increase and continued uncertainty regarding the Russia-Ukraine conflict provide some support, but a dominant bearish sentiment prevails. WTI Price at 62.20 now, expect price to move sideway at day end.",62.20,62.2,0.21,0.020000000000003126,FLAT,"62,05","48,00K",62.3
1,0,2025-10-09T14:18:15.963824+00:00,"WTI crude oil prices are expected to experience slight bullish pressure in the short term due to ongoing geopolitical tension with a peace deal in Gaza, and as OPEC+ has not hit its increased production targets, and despite the build in U.S. crude inventories. However, easing geopolitical tensions due to a potential ceasefire between Israel and Hamas, and a potential for increased production could exert some downward pressure in the medium term. Oil demand started on a softer note in October with a moderation in activity from global economic indicators.",62.40,62.47,0.64,0.19999999999999574,FLAT,"62,05","81,55K",62.1
-1,-1,2025-10-09T15:25:00.371269+00:00,"WTI crude oil prices are likely to experience downward pressure in both the short and medium term. The recent progress towards a Gaza ceasefire deal reduces geopolitical risk, which has been a key factor supporting oil prices. Additionally, rising U.S. crude inventories and expectations of increased production contribute to oversupply concerns. While there are upward pressures such as the relatively small output increase from OPEC+, the downward pressures relating to the ceasing of war activity is likely to persist. Overall bearish signals outweigh bullish news.",62.35,62.38,0.5,-0.04999999999999716,FLAT,"62,05","122,90K",61.9
-1,-1,2025-10-09T19:28:02.530064+00:00,"The short-term and medium-term forecast for WTI crude oil prices is negative. The recent news regarding a ceasefire agreement in Gaza is the primary driver for this bearish outlook, which reduces the geopolitical risk premium. A stronger dollar and rising US inventories also put downward pressure on prices. While OPEC+ production restraint and potential disruptions to Russian output offer some support, the overall sentiment leans towards oversupply concerns.",61.36,61.51,-1.66,-0.990000000000002,FLAT,"62,05","226,34K",60.9
-1,-1,2025-10-10T07:29:01.325855+00:00,"WTI crude oil prices are expected to decline slightly in both the short and medium term. The recent agreement for a Gaza ceasefire is reducing the geopolitical risk premium, while U.S. crude inventories remain high. Although gasoline and distillate inventories fell, the overall market sentiment is bearish due to anticipated oversupply. Sanctions against Iran could provide some support, but the ceasefire agreement and increasing U.S. production are expected to outweigh this factor. ",61.26,58.9,-4.24,-0.10000000000000142,FLAT,"61,59","13,24K",60.8
-1,-1,2025-10-10T09:17:17.362811+00:00,"WTI crude oil prices are expected to decline in the short and medium term. The ceasefire agreement between Israel and Hamas has reduced geopolitical risk, removing a risk premium that was supporting prices. While U.S. sanctions against Iran are expected to tighten supplies, they are not enough to offset the negative impact of the ceasefire and expectations of oversupply. Data showing an increase in U.S. crude inventories adds further downward pressure.  Technical indicators also point to a bearish trend, with resistance at key moving averages and support levels being tested. Current WTI price is $61.24 but is expected to close lower by the end of the day at $61.00.",61.07,58.9,-4.24,-0.18999999999999773,FLAT,"61,59","23,69K",61.0
-1,-1,2025-10-10T11:06:49.910820+00:00,"The news primarily points toward a bearish outlook for WTI crude oil prices. The ceasefire agreement between Israel and Hamas reduces the geopolitical risk premium, leading to downward pressure on prices. While U.S. sanctions on Iran and the disruption of Russian oil output offer some support, concerns about oversupply and potential weakening of the global economy dominate. Recent historical data also indicate a downtrend. Therefore, both short-term and medium-term forecasts are negative. Given this context the closing price at UTC time is predicted to be \$60.50.",60.71,58.9,-4.24,-0.35999999999999943,FLAT,"61,59","41,91K",60.5
-2,-2,2025-10-10T13:35:01.467506+00:00,"The short and medium-term forecasts for WTI crude oil prices are negative. The recent agreement on a ceasefire between Israel and Hamas significantly reduces the geopolitical risk premium, which is driving prices lower. This is compounded by concerns about a potential oversupply as OPEC+ continues to unwind production cuts. While the US government shutdown and sanctions on Iran could provide some support, the overall sentiment is bearish. The forecast price at the end of the day is approximately $60.00, influenced by the current downward trend and recent closing price.",60.07,58.9,-4.24,-0.6400000000000006,FLAT,"61,59","79,25K",60.0
-1,-1,2025-10-10T14:40:06.867078+00:00,"Crude oil prices are expected to decline in both the short and medium term. The primary driver for this bearish outlook is the easing of geopolitical tensions in the Middle East, specifically the ceasefire agreement between Israel and Hamas. This has led to a reduction in the risk premium associated with potential supply disruptions. Additionally, concerns about a global supply surplus and sluggish demand continue to weigh on prices. Although U.S. sanctions on Iran could provide some support, the overall sentiment leans negative. Technical analysis also points towards bearish momentum, with key support levels being tested.",60.01,58.9,-4.24,-0.060000000000002274,FLAT,"61,59","125,71K",60.01
-2,-2,2025-10-10T15:24:53.326896+00:00,"WTI crude oil prices are expected to decrease in both the short and medium term. The recent news items point to a combination of factors weighing on prices, including easing geopolitical tensions in the Middle East due to a ceasefire agreement between Israel and Hamas, which reduces the risk premium associated with supply disruptions. Concerns about oversupply persist as OPEC+ proceeds with unwinding production cuts, and rising output from non-OPEC producers contributes to a potential surplus. Additionally, a prolonged U.S. government shutdown raises concerns about dampening economic activity and impacting fuel demand. Given these factors, a drop to $58.79 is expected.",59.38,58.9,-4.24,-0.6299999999999955,SELL,"61,59","170,77K",58.79
-2,-2,2025-10-10T18:10:52.182861+00:00,"WTI crude oil prices are expected to decline in both the short and medium term. This forecast is primarily driven by the agreement for a ceasefire between Israel and Hamas, the renewed tariff tensions between the US and China, the increase in US crude oil inventories and the general bearish sentiment prevailing in the oil market due to oversupply concerns. The approval of a framework for hostage release between Israel and Hamas significantly eased geopolitical risk premiums, impacting the market negatively. The prediction for the WTI price at the end of the day is $59.00, slightly above current price, considering the existing price momentum and the weight of bearish drivers.",58.74,58.9,-4.24,-0.6400000000000006,FLAT,"61,59","242,83K",59.0
-2,-2,2025-10-10T19:46:14.034732+00:00,"WTI crude oil prices experienced a sharp decline today, influenced by several key factors. The primary driver was the renewed threat of tariffs by President Trump on Chinese goods, raising concerns about a potential trade war and its impact on global oil demand. Additionally, the ceasefire agreement between Israel and Hamas reduced geopolitical risk premiums previously supporting prices. The combination of these factors, along with indications of oversupply and slowing economic growth, contributed to a significant sell-off, pushing WTI to its lowest level in months. The forecast considers the negative influence of the potential trade war and reduced geopolitical risk. The forecast price is a calculated value considering the most recent WTI historical data.",58.87,58.9,-4.24,0.12999999999999545,SELL,"61,59","284,63K",58.2
-2,-2,2025-10-10T21:54:04.167739+00:00,"Crude oil prices experienced a significant drop today due to renewed trade tensions between the US and China, as President Trump threatened to increase tariffs on Chinese goods. This news overshadowed the easing of geopolitical tensions with the Israel-Hamas ceasefire. Concerns over potential oversupply also contributed to the downward pressure. Technical analysis indicates strong selling pressure and a potential move towards the $56 level. Expect continued bearish sentiment in both short and medium terms, with the end-of-day price predicted to decrease, based on current close price",58.31,58.9,-4.24,-0.5599999999999952,FLAT,"61,59","298,64K",57.91
-2,-2,2025-10-10T22:18:58.515191+00:00,"WTI crude oil prices experienced a sharp decline due to renewed trade tensions between the US and China, as well as a decrease in geopolitical risk following a ceasefire agreement in Gaza. The potential for increased tariffs on Chinese goods, combined with existing concerns about oversupply, has created a bearish outlook. The market is reacting negatively to the possibility of reduced demand due to the trade war and has pushed prices down to a five-month low. Additional factors include potential economic slowdown from a US government shutdown and increased OPEC+ production. Considering these elements, a strong bearish trend is expected in both the short and medium term, and WTI crude oil price is forecast to further decline to 56.75.",58.90,58.9,-4.24,0.5899999999999963,SELL,"61,49","298,64K",56.75
-2,-2,2025-10-10T22:23:00.025070+00:00,"The dominant factor influencing WTI crude oil prices is the renewed trade tensions between the U.S. and China, spurred by President Trump's threat of increased tariffs. This news, coupled with a ceasefire agreement in Gaza, which reduces geopolitical risk premium, suggests a bearish outlook in both the short and medium term. The high volume for the current day coupled with the large percentage drop further strengthens a negative outlook. Taking into account a high level picture and past day close, I have set the Forecast Price to 57.90",58.90,58.9,-4.24,0.0,SELL,"61,49","298,64K",57.9
-2,-2,2025-10-11T20:23:50.141711+00:00,"WTI crude oil prices are expected to decrease in the short and medium term. The recent drop below $60 per barrel was driven by easing geopolitical tensions (Gaza ceasefire) and escalating trade tensions between the US and China, particularly regarding tariffs. The ceasefire lowers the geopolitical risk premium, and the potential trade war could reduce global economic growth and oil demand. Analysts also noted that oversupply concerns are rising with OPEC+ unwinding production cuts, and inventories remain near seasonal lows, and that US oil drillers are continuing to back off as prices slide. The historical data confirms a strong bearish momentum, after a strong sell-off on 2025-10-10, this leads to a downward trend.",58.90,,,0.0,SELL,,,57.9
-1,-1,2025-10-12T13:06:00.502784+00:00,"WTI crude oil prices are expected to decline in the short and medium term due to a combination of factors. The most significant factor is the renewed trade tensions between the U.S. and China, which are expected to negatively impact global economic growth and, consequently, oil demand. The easing of geopolitical tensions in the Middle East, as evidenced by the Gaza ceasefire, has also reduced the risk premium associated with oil prices. Additionally, concerns about a potential oversupply in the market, driven by increased production from OPEC+ and other regions, are contributing to the bearish outlook. The forecast price for WTI crude oil at 11:00 PM UTC is $57.85, reflecting a continued downward trend from the current price of $58.90. The technical analysis also points to bearish signals, with WTI trading below key Fibonacci support levels and facing resistance at the 50-day and 200-day moving averages.",58.90,,,0.0,SELL,,,57.85
